,avg_accuracy_record,cpu_record,iterator_record,loop_duration_record,net_record,pause_duration_record,processing_duration_record,temp_record_CPU,time_record
0,41.96,0.0,0,0.0,efficientdet_lite2_detection_metadata_1,0.0,0.0,62.5,0.0
1,41.96,8.1,0,0.0,efficientdet_lite2_detection_metadata_1,0.0,0.414924,52.5,0.414924
2,41.96,0.0,1,0.415703,efficientdet_lite2_detection_metadata_1,0.0,0.414924,52.5,0.415703
3,41.96,80.8,1,0.415703,efficientdet_lite2_detection_metadata_1,0.0,0.453372,52.0,0.869075
4,41.96,0.0,2,0.454146,efficientdet_lite2_detection_metadata_1,0.0,0.453372,52.0,0.869849
5,41.96,81.7,2,0.454146,efficientdet_lite2_detection_metadata_1,0.0,0.489826,54.0,1.359675
6,41.96,0.0,3,0.490608,efficientdet_lite2_detection_metadata_1,0.0,0.489826,54.0,1.3604569999999998
7,41.96,78.4,3,0.490608,efficientdet_lite2_detection_metadata_1,0.0,0.423485,52.0,1.7839419999999997
8,41.96,0.0,4,0.42425,efficientdet_lite2_detection_metadata_1,0.0,0.423485,52.0,1.7847069999999996
9,41.96,79.2,4,0.42425,efficientdet_lite2_detection_metadata_1,0.0,0.426558,51.5,2.2112649999999996
10,41.96,0.0,5,0.427333,efficientdet_lite2_detection_metadata_1,0.0,0.426558,51.5,2.2120399999999996
11,41.96,80.6,5,0.427333,efficientdet_lite2_detection_metadata_1,0.0,0.457123,51.5,2.6691629999999997
12,33.97,0.0,6,0.458402,efficientdet_lite2_detection_metadata_1,0.0,0.457123,51.5,2.6704419999999995
13,33.97,81.7,6,0.458402,efficientdet_lite2_detection_metadata_1,0.0,0.496244,52.0,3.1666859999999994
14,33.97,0.0,7,0.49748,efficientdet_lite2_detection_metadata_1,0.0,0.496244,52.0,3.1679219999999995
15,33.97,81.8,7,0.49748,efficientdet_lite2_detection_metadata_1,0.0,0.410833,52.0,3.5787549999999992
16,33.97,0.0,8,0.41207,efficientdet_lite2_detection_metadata_1,0.0,0.410833,52.0,3.579991999999999
17,33.97,81.9,8,0.41207,efficientdet_lite2_detection_metadata_1,0.0,0.414305,52.0,3.994296999999999
18,33.97,0.0,9,0.415541,efficientdet_lite2_detection_metadata_1,0.0,0.414305,52.0,3.9955329999999987
19,33.97,81.5,9,0.415541,efficientdet_lite2_detection_metadata_1,0.0,0.45257,54.5,4.448102999999999
20,33.97,0.0,10,0.453813,efficientdet_lite2_detection_metadata_1,0.0,0.45257,54.5,4.449345999999999
21,33.97,84.7,10,0.453813,efficientdet_lite2_detection_metadata_1,0.0,0.436972,52.0,4.886317999999999
22,33.97,0.0,11,0.438232,efficientdet_lite2_detection_metadata_1,0.0,0.436972,52.0,4.8875779999999995
23,33.97,81.1,11,0.438232,efficientdet_lite2_detection_metadata_1,0.0,0.419135,52.5,5.306712999999999
24,33.97,0.0,12,0.42037,efficientdet_lite2_detection_metadata_1,0.0,0.419135,52.5,5.307948
25,33.97,80.6,12,0.42037,efficientdet_lite2_detection_metadata_1,0.0,0.431246,54.5,5.7391939999999995
26,33.97,0.0,13,0.432482,efficientdet_lite2_detection_metadata_1,0.0,0.431246,54.5,5.74043
27,33.97,81.8,13,0.432482,efficientdet_lite2_detection_metadata_1,0.0,0.478735,52.5,6.219165
28,33.97,0.0,14,0.479981,efficientdet_lite2_detection_metadata_1,0.0,0.478735,52.5,6.220411
29,33.97,82.8,14,0.479981,efficientdet_lite2_detection_metadata_1,0.0,0.433356,54.5,6.653767
30,33.97,0.0,15,0.43462,efficientdet_lite2_detection_metadata_1,0.0,0.433356,54.5,6.655031
31,33.97,80.1,15,0.43462,efficientdet_lite2_detection_metadata_1,0.0,0.416834,52.0,7.071865
32,33.97,0.0,16,0.418046,efficientdet_lite2_detection_metadata_1,0.0,0.416834,52.0,7.0730770000000005
33,33.97,79.3,16,0.418046,efficientdet_lite2_detection_metadata_1,0.0,0.4628,53.0,7.535877
34,33.97,0.0,17,0.46403,efficientdet_lite2_detection_metadata_1,0.0,0.4628,53.0,7.537107000000001
35,33.97,83.4,17,0.46403,efficientdet_lite2_detection_metadata_1,0.0,0.477058,54.0,8.014165
36,33.97,0.0,18,0.478294,efficientdet_lite2_detection_metadata_1,0.0,0.477058,54.0,8.015401
37,33.97,82.2,18,0.478294,efficientdet_lite2_detection_metadata_1,0.0,0.438447,52.5,8.453848
38,33.97,0.0,19,0.439738,efficientdet_lite2_detection_metadata_1,0.0,0.438447,52.5,8.455139
39,33.97,78.7,19,0.439738,efficientdet_lite2_detection_metadata_1,0.0,0.426235,52.0,8.881374000000001
40,33.97,0.0,20,0.427474,efficientdet_lite2_detection_metadata_1,0.0,0.426235,52.0,8.882613000000001
41,33.97,79.3,20,0.427474,efficientdet_lite2_detection_metadata_1,0.0,0.42907,52.5,9.311683
42,33.97,0.0,21,0.430369,efficientdet_lite2_detection_metadata_1,0.0,0.42907,52.5,9.312982000000002
43,33.97,79.3,21,0.430369,efficientdet_lite2_detection_metadata_1,0.0,0.497595,52.5,9.810577000000002
44,33.97,0.0,22,0.498829,efficientdet_lite2_detection_metadata_1,0.0,0.497595,52.5,9.811811000000002
45,33.97,81.8,22,0.498829,efficientdet_lite2_detection_metadata_1,0.0,0.433575,53.0,10.245386000000002
46,33.97,0.0,23,0.434838,efficientdet_lite2_detection_metadata_1,0.0,0.433575,53.0,10.246649000000001
47,33.97,82.2,23,0.434838,efficientdet_lite2_detection_metadata_1,0.0,0.414903,52.5,10.661552000000002
48,33.97,0.0,24,0.416147,efficientdet_lite2_detection_metadata_1,0.0,0.414903,52.5,10.662796000000002
49,33.97,81.7,24,0.416147,efficientdet_lite2_detection_metadata_1,0.0,0.468456,55.0,11.131252000000002
50,33.97,0.0,25,0.469687,efficientdet_lite2_detection_metadata_1,0.0,0.468456,55.0,11.132483000000002
51,33.97,81.1,25,0.469687,efficientdet_lite2_detection_metadata_1,0.0,0.404547,53.0,11.537030000000001
52,33.97,0.0,26,0.405824,efficientdet_lite2_detection_metadata_1,0.0,0.404547,53.0,11.538307000000003
53,33.97,80.7,26,0.405824,efficientdet_lite2_detection_metadata_1,0.0,0.45997,52.0,11.998277000000003
54,33.97,0.0,27,0.461205,efficientdet_lite2_detection_metadata_1,0.0,0.45997,52.0,11.999512000000003
55,33.97,81.2,27,0.461205,efficientdet_lite2_detection_metadata_1,0.0,0.447471,53.0,12.446983000000003
56,33.97,0.0,28,0.44872,efficientdet_lite2_detection_metadata_1,0.0,0.447471,53.0,12.448232000000003
57,33.97,79.6,28,0.44872,efficientdet_lite2_detection_metadata_1,0.0,0.399845,53.0,12.848077000000004
58,33.97,0.0,29,0.401096,efficientdet_lite2_detection_metadata_1,0.0,0.399845,53.0,12.849328000000003
59,33.97,81.4,29,0.401096,efficientdet_lite2_detection_metadata_1,0.0,0.421363,53.0,13.270691000000003
60,33.97,100.0,30,0.422647,efficientdet_lite2_detection_metadata_1,0.0,0.421363,53.0,13.271975000000003
61,33.97,84.5,30,0.422647,efficientdet_lite2_detection_metadata_1,0.0,0.479234,55.5,13.751209000000003
62,33.97,30.0,31,0.505716,efficientdet_lite2_detection_metadata_1,0.025,0.479234,55.5,13.777691000000003
63,33.97,84.7,31,0.505716,efficientdet_lite2_detection_metadata_1,0.025,0.442606,53.5,14.220297000000002
64,33.97,0.0,32,0.443843,efficientdet_lite2_detection_metadata_1,0.0,0.442606,53.5,14.221534000000002
65,33.97,80.7,32,0.443843,efficientdet_lite2_detection_metadata_1,0.0,0.409607,54.5,14.631141000000001
66,33.97,0.0,33,0.410843,efficientdet_lite2_detection_metadata_1,0.0,0.409607,54.5,14.632377000000002
67,33.97,81.3,33,0.410843,efficientdet_lite2_detection_metadata_1,0.0,0.454106,53.0,15.086483000000001
68,33.97,0.0,34,0.455345,efficientdet_lite2_detection_metadata_1,0.0,0.454106,52.5,15.087722000000001
69,33.97,81.3,34,0.455345,efficientdet_lite2_detection_metadata_1,0.0,0.476035,53.0,15.563757
70,33.97,0.0,35,0.477319,efficientdet_lite2_detection_metadata_1,0.0,0.476035,53.0,15.565041
71,33.97,82.5,35,0.477319,efficientdet_lite2_detection_metadata_1,0.0,0.434435,53.5,15.999476000000001
72,33.97,0.0,36,0.435776,efficientdet_lite2_detection_metadata_1,0.0,0.434435,53.5,16.000817
73,33.97,78.7,36,0.435776,efficientdet_lite2_detection_metadata_1,0.0,0.424782,55.0,16.425599000000002
74,33.97,0.0,37,0.426018,efficientdet_lite2_detection_metadata_1,0.0,0.424782,55.0,16.426835
75,33.97,80.2,37,0.426018,efficientdet_lite2_detection_metadata_1,0.0,0.449402,53.0,16.876237
76,33.97,0.0,38,0.450658,efficientdet_lite2_detection_metadata_1,0.0,0.449402,53.0,16.877493
77,33.97,81.5,38,0.450658,efficientdet_lite2_detection_metadata_1,0.0,0.473249,53.0,17.350742
78,33.97,0.0,39,0.474485,efficientdet_lite2_detection_metadata_1,0.0,0.473249,53.0,17.351978000000003
79,33.97,80.5,39,0.474485,efficientdet_lite2_detection_metadata_1,0.0,0.434607,53.5,17.786585000000002
80,33.97,0.0,40,0.435869,efficientdet_lite2_detection_metadata_1,0.0,0.434607,53.5,17.787847000000003
81,33.97,81.5,40,0.435869,efficientdet_lite2_detection_metadata_1,0.0,0.421332,55.0,18.209179000000002
82,33.97,0.0,41,0.422641,efficientdet_lite2_detection_metadata_1,0.0,0.421332,55.0,18.210488
83,33.97,82.7,41,0.422641,efficientdet_lite2_detection_metadata_1,0.0,0.446821,53.5,18.657309
84,33.97,0.0,42,0.448063,efficientdet_lite2_detection_metadata_1,0.0,0.446821,53.5,18.658551000000003
85,33.97,82.5,42,0.448063,efficientdet_lite2_detection_metadata_1,0.0,0.490011,53.5,19.148562000000002
86,33.97,0.0,43,0.491248,efficientdet_lite2_detection_metadata_1,0.0,0.490011,53.5,19.149799
87,33.97,82.4,43,0.491248,efficientdet_lite2_detection_metadata_1,0.0,0.445902,54.5,19.595701000000002
88,33.97,0.0,44,0.447152,efficientdet_lite2_detection_metadata_1,0.0,0.445902,54.5,19.596951
89,33.97,79.1,44,0.447152,efficientdet_lite2_detection_metadata_1,0.0,0.410851,52.5,20.007802
90,33.97,0.0,45,0.412055,efficientdet_lite2_detection_metadata_1,0.0,0.410851,52.5,20.009006
91,33.97,81.1,45,0.412055,efficientdet_lite2_detection_metadata_1,0.0,0.455979,52.5,20.464985
92,33.97,100.0,46,0.457278,efficientdet_lite2_detection_metadata_1,0.0,0.455979,52.5,20.466283999999998
93,33.97,80.7,46,0.457278,efficientdet_lite2_detection_metadata_1,0.0,0.473463,55.0,20.939746999999997
94,33.97,0.0,47,0.474687,efficientdet_lite2_detection_metadata_1,0.0,0.473463,55.0,20.940970999999998
95,33.97,81.6,47,0.474687,efficientdet_lite2_detection_metadata_1,0.0,0.410089,55.0,21.351059999999997
96,33.97,0.0,48,0.411332,efficientdet_lite2_detection_metadata_1,0.0,0.410089,55.0,21.352303
97,33.97,81.2,48,0.411332,efficientdet_lite2_detection_metadata_1,0.0,0.408585,54.0,21.760887999999998
98,33.97,0.0,49,0.409828,efficientdet_lite2_detection_metadata_1,0.0,0.408585,54.0,21.762131
99,33.97,81.2,49,0.409828,efficientdet_lite2_detection_metadata_1,0.0,0.45934,53.0,22.221471
100,33.97,0.0,50,0.460564,efficientdet_lite2_detection_metadata_1,0.0,0.45934,53.0,22.222695
101,33.97,81.0,50,0.460564,efficientdet_lite2_detection_metadata_1,0.0,0.410939,55.0,22.633634
102,33.97,0.0,51,0.412173,efficientdet_lite2_detection_metadata_1,0.0,0.410939,55.0,22.634868
103,33.97,81.9,51,0.412173,efficientdet_lite2_detection_metadata_1,0.0,0.458019,55.0,23.092887
104,33.97,0.0,52,0.459252,efficientdet_lite2_detection_metadata_1,0.0,0.458019,55.0,23.09412
105,33.97,84.2,52,0.459252,efficientdet_lite2_detection_metadata_1,0.0,0.430286,53.0,23.524406
106,33.97,0.0,53,0.431522,efficientdet_lite2_detection_metadata_1,0.0,0.430286,53.0,23.525642
107,33.97,78.9,53,0.431522,efficientdet_lite2_detection_metadata_1,0.0,0.42578,53.0,23.951422
108,33.97,0.0,54,0.427002,efficientdet_lite2_detection_metadata_1,0.0,0.42578,53.0,23.952644000000003
109,33.97,80.8,54,0.427002,efficientdet_lite2_detection_metadata_1,0.0,0.42198,53.0,24.374624000000004
110,33.97,0.0,55,0.42322,efficientdet_lite2_detection_metadata_1,0.0,0.42198,53.0,24.375864000000004
111,33.97,80.2,55,0.42322,efficientdet_lite2_detection_metadata_1,0.0,0.461741,53.0,24.837605000000003
112,33.97,0.0,56,0.462974,efficientdet_lite2_detection_metadata_1,0.0,0.461741,53.0,24.838838000000003
113,33.97,82.9,56,0.462974,efficientdet_lite2_detection_metadata_1,0.0,0.43833,54.0,25.277168000000003
114,33.97,0.0,57,0.439586,efficientdet_lite2_detection_metadata_1,0.0,0.43833,54.0,25.278424
115,33.97,81.0,57,0.439586,efficientdet_lite2_detection_metadata_1,0.0,0.405189,53.0,25.683613
116,33.97,0.0,58,0.406425,efficientdet_lite2_detection_metadata_1,0.0,0.405189,53.0,25.684849
117,33.97,81.0,58,0.406425,efficientdet_lite2_detection_metadata_1,0.0,0.473724,54.0,26.158573
118,33.97,0.0,59,0.474965,efficientdet_lite2_detection_metadata_1,0.0,0.473724,54.0,26.159814
119,33.97,80.4,59,0.474965,efficientdet_lite2_detection_metadata_1,0.0,0.483868,53.0,26.643682000000002
120,33.97,0.0,60,0.48509,efficientdet_lite2_detection_metadata_1,0.0,0.483868,53.0,26.644904
121,33.97,81.5,60,0.48509,efficientdet_lite2_detection_metadata_1,0.0,0.415121,54.0,27.060025
122,33.97,100.0,61,0.41644,efficientdet_lite2_detection_metadata_1,0.0,0.415121,54.0,27.061344000000002
123,33.97,81.6,61,0.41644,efficientdet_lite2_detection_metadata_1,0.0,0.383962,55.5,27.445306000000002
124,33.97,0.0,62,0.410304,efficientdet_lite2_detection_metadata_1,0.025,0.383962,53.0,27.471648000000002
125,33.97,81.2,62,0.410304,efficientdet_lite2_detection_metadata_1,0.025,0.457888,53.5,27.929536000000002
126,33.97,0.0,63,0.459199,efficientdet_lite2_detection_metadata_1,0.0,0.457888,53.5,27.930847000000004
127,33.97,82.8,63,0.459199,efficientdet_lite2_detection_metadata_1,0.0,0.462235,53.5,28.393082000000003
128,33.97,0.0,64,0.463477,efficientdet_lite2_detection_metadata_1,0.0,0.462235,53.5,28.394324000000005
129,33.97,80.8,64,0.463477,efficientdet_lite2_detection_metadata_1,0.0,0.415692,53.5,28.810016000000005
130,33.97,100.0,65,0.416991,efficientdet_lite2_detection_metadata_1,0.0,0.415692,53.5,28.811315000000004
131,33.97,80.6,65,0.416991,efficientdet_lite2_detection_metadata_1,0.0,0.428309,53.0,29.239624000000003
132,33.97,0.0,66,0.429552,efficientdet_lite2_detection_metadata_1,0.0,0.428309,53.0,29.240867000000005
133,33.97,80.3,66,0.429552,efficientdet_lite2_detection_metadata_1,0.0,0.464614,55.5,29.705481000000006
134,33.97,0.0,67,0.490952,efficientdet_lite2_detection_metadata_1,0.025,0.464614,53.0,29.731819000000005
135,33.97,83.1,67,0.490952,efficientdet_lite2_detection_metadata_1,0.025,0.46354,53.0,30.195359000000003
136,33.97,0.0,68,0.464773,efficientdet_lite2_detection_metadata_1,0.0,0.46354,53.0,30.196592000000006
137,33.97,79.4,68,0.464773,efficientdet_lite2_detection_metadata_1,0.0,0.432091,55.0,30.628683000000006
138,33.97,0.0,69,0.433351,efficientdet_lite2_detection_metadata_1,0.0,0.432091,55.0,30.629943000000004
139,33.97,79.3,69,0.433351,efficientdet_lite2_detection_metadata_1,0.0,0.375266,53.0,31.005209000000004
140,33.97,0.0,70,0.376466,efficientdet_lite2_detection_metadata_1,0.0,0.375266,53.0,31.006409000000005
141,33.97,78.7,70,0.376466,efficientdet_lite2_detection_metadata_1,0.0,0.499354,54.0,31.505763000000005
142,33.97,0.0,71,0.50059,efficientdet_lite2_detection_metadata_1,0.0,0.499354,54.0,31.506999000000004
143,33.97,84.5,71,0.50059,efficientdet_lite2_detection_metadata_1,0.0,0.443557,56.0,31.950556000000002
144,33.97,0.0,72,0.494966,efficientdet_lite2_detection_metadata_1,0.05,0.443557,53.0,32.001965000000006
145,33.97,80.2,72,0.494966,efficientdet_lite2_detection_metadata_1,0.05,0.410782,55.5,32.412747
146,33.97,23.3,73,0.487242,efficientdet_lite2_detection_metadata_1,0.07500000000000001,0.410782,53.0,32.48920700000001
147,33.97,81.1,73,0.487242,efficientdet_lite2_detection_metadata_1,0.07500000000000001,0.420558,53.5,32.90976500000001
148,33.97,0.0,74,0.421798,efficientdet_lite2_detection_metadata_1,0.0,0.420558,53.5,32.91100500000001
149,33.97,82.3,74,0.421798,efficientdet_lite2_detection_metadata_1,0.0,0.458917,54.0,33.36992200000001
150,33.97,0.0,75,0.46016,efficientdet_lite2_detection_metadata_1,0.0,0.458917,54.0,33.37116500000001
151,33.97,81.5,75,0.46016,efficientdet_lite2_detection_metadata_1,0.0,0.406681,53.5,33.77784600000001
152,33.97,0.0,76,0.407928,efficientdet_lite2_detection_metadata_1,0.0,0.406681,53.5,33.77909300000001
153,33.97,81.9,76,0.407928,efficientdet_lite2_detection_metadata_1,0.0,0.459572,55.0,34.23866500000001
154,33.97,0.0,77,0.460846,efficientdet_lite2_detection_metadata_1,0.0,0.459572,55.0,34.23993900000001
155,33.97,84.2,77,0.460846,efficientdet_lite2_detection_metadata_1,0.0,0.425637,55.5,34.66557600000001
156,33.97,0.0,78,0.452017,efficientdet_lite2_detection_metadata_1,0.025,0.425637,53.5,34.691956000000005
157,33.97,80.5,78,0.452017,efficientdet_lite2_detection_metadata_1,0.025,0.413287,53.5,35.105243
158,33.97,0.0,79,0.414572,efficientdet_lite2_detection_metadata_1,0.0,0.413287,53.5,35.106528000000004
159,33.97,80.1,79,0.414572,efficientdet_lite2_detection_metadata_1,0.0,0.425332,54.0,35.53186
160,33.97,100.0,80,0.426574,efficientdet_lite2_detection_metadata_1,0.0,0.425332,54.0,35.53310200000001
161,33.97,79.7,80,0.426574,efficientdet_lite2_detection_metadata_1,0.0,0.493678,54.0,36.02678000000001
162,33.97,0.0,81,0.494891,efficientdet_lite2_detection_metadata_1,0.0,0.493678,54.0,36.02799300000001
163,33.97,84.1,81,0.494891,efficientdet_lite2_detection_metadata_1,0.0,0.431419,56.0,36.45941200000001
164,33.97,0.0,82,0.482799,efficientdet_lite2_detection_metadata_1,0.05,0.431419,53.0,36.51079200000001
165,33.97,79.1,82,0.482799,efficientdet_lite2_detection_metadata_1,0.05,0.409744,53.5,36.92053600000001
166,33.97,0.0,83,0.410992,efficientdet_lite2_detection_metadata_1,0.0,0.409744,53.5,36.92178400000001
167,33.97,80.5,83,0.410992,efficientdet_lite2_detection_metadata_1,0.0,0.424767,53.5,37.34655100000001
168,33.97,0.0,84,0.426032,efficientdet_lite2_detection_metadata_1,0.0,0.424767,53.5,37.34781600000001
169,33.97,81.9,84,0.426032,efficientdet_lite2_detection_metadata_1,0.0,0.45994,54.0,37.80775600000001
170,33.97,0.0,85,0.461178,efficientdet_lite2_detection_metadata_1,0.0,0.45994,54.0,37.808994000000006
171,33.97,82.9,85,0.461178,efficientdet_lite2_detection_metadata_1,0.0,0.42622,54.5,38.235214000000006
172,33.97,0.0,86,0.427477,efficientdet_lite2_detection_metadata_1,0.0,0.42622,54.5,38.23647100000001
173,33.97,79.9,86,0.427477,efficientdet_lite2_detection_metadata_1,0.0,0.419689,54.0,38.65616000000001
174,33.97,0.0,87,0.420979,efficientdet_lite2_detection_metadata_1,0.0,0.419689,54.0,38.65745000000001
175,33.97,81.9,87,0.420979,efficientdet_lite2_detection_metadata_1,0.0,0.456456,54.0,39.113906000000014
176,33.97,0.0,88,0.457663,efficientdet_lite2_detection_metadata_1,0.0,0.456456,54.0,39.11511300000001
177,33.97,81.7,88,0.457663,efficientdet_lite2_detection_metadata_1,0.0,0.484123,56.0,39.599236000000005
178,33.97,0.0,89,0.535587,efficientdet_lite2_detection_metadata_1,0.05,0.484123,53.0,39.65070000000001
179,33.97,83.0,89,0.535587,efficientdet_lite2_detection_metadata_1,0.05,0.42596,54.0,40.07666000000001
180,33.97,0.0,90,0.427163,efficientdet_lite2_detection_metadata_1,0.0,0.42596,54.0,40.07786300000001
181,33.97,81.1,90,0.427163,efficientdet_lite2_detection_metadata_1,0.0,0.428424,55.5,40.50628700000001
182,33.97,0.0,91,0.454788,efficientdet_lite2_detection_metadata_1,0.025,0.428424,53.5,40.53265100000001
183,33.97,80.4,91,0.454788,efficientdet_lite2_detection_metadata_1,0.025,0.417557,53.5,40.95020800000001
184,33.97,0.0,92,0.418804,efficientdet_lite2_detection_metadata_1,0.0,0.417557,53.5,40.95145500000001
185,33.97,81.0,92,0.418804,efficientdet_lite2_detection_metadata_1,0.0,0.470518,56.0,41.42197300000001
186,33.97,4.8,93,0.522009,efficientdet_lite2_detection_metadata_1,0.05,0.470518,53.5,41.47346400000001
187,33.97,81.9,93,0.522009,efficientdet_lite2_detection_metadata_1,0.05,0.47296,53.5,41.94642400000001
188,33.97,0.0,94,0.474194,efficientdet_lite2_detection_metadata_1,0.0,0.47296,53.5,41.947658000000004
189,33.97,79.9,94,0.474194,efficientdet_lite2_detection_metadata_1,0.0,0.416682,56.5,42.364340000000006
190,33.97,23.3,95,0.493083,efficientdet_lite2_detection_metadata_1,0.07500000000000001,0.416682,53.5,42.440741
191,33.97,80.7,95,0.493083,efficientdet_lite2_detection_metadata_1,0.07500000000000001,0.403084,54.0,42.843825
192,33.97,9.1,96,0.429432,efficientdet_lite2_detection_metadata_1,0.02500000000000001,0.403084,53.0,42.870173
193,33.97,81.5,96,0.429432,efficientdet_lite2_detection_metadata_1,0.02500000000000001,0.461475,53.5,43.331648
194,33.97,0.0,97,0.462715,efficientdet_lite2_detection_metadata_1,0.0,0.461475,53.5,43.332888000000004
195,33.97,82.7,97,0.462715,efficientdet_lite2_detection_metadata_1,0.0,0.472299,54.0,43.805187000000004
196,33.97,0.0,98,0.473586,efficientdet_lite2_detection_metadata_1,0.0,0.472299,54.0,43.806474
197,33.97,83.0,98,0.473586,efficientdet_lite2_detection_metadata_1,0.0,0.441158,55.0,44.247632
198,33.97,0.0,99,0.44243,efficientdet_lite2_detection_metadata_1,0.0,0.441158,55.0,44.248904
199,33.97,79.0,99,0.44243,efficientdet_lite2_detection_metadata_1,0.0,0.411459,54.0,44.660363000000004
200,33.97,0.0,100,0.41274,efficientdet_lite2_detection_metadata_1,0.0,0.411459,53.5,44.661644
201,33.97,82.2,100,0.41274,efficientdet_lite2_detection_metadata_1,0.0,0.458386,53.5,45.12003
202,33.97,0.0,101,0.459636,efficientdet_lite2_detection_metadata_1,0.0,0.458386,53.5,45.121280000000006
203,33.97,84.2,101,0.459636,efficientdet_lite2_detection_metadata_1,0.0,0.428163,55.5,45.549443000000004
204,33.97,9.1,102,0.454617,efficientdet_lite2_detection_metadata_1,0.025,0.428163,53.5,45.575897000000005
205,33.97,80.2,102,0.454617,efficientdet_lite2_detection_metadata_1,0.025,0.406557,54.0,45.982454000000004
206,33.97,100.0,103,0.407845,efficientdet_lite2_detection_metadata_1,0.0,0.406557,53.5,45.98374200000001
207,33.97,79.4,103,0.407845,efficientdet_lite2_detection_metadata_1,0.0,0.41621,55.5,46.399952000000006
208,33.97,0.0,104,0.442611,efficientdet_lite2_detection_metadata_1,0.025,0.41621,53.5,46.426353000000006
209,33.97,81.5,104,0.442611,efficientdet_lite2_detection_metadata_1,0.025,0.46684,53.5,46.893193000000004
210,33.97,0.0,105,0.468117,efficientdet_lite2_detection_metadata_1,0.0,0.46684,53.5,46.894470000000005
211,33.97,83.2,105,0.468117,efficientdet_lite2_detection_metadata_1,0.0,0.429618,54.0,47.324088
212,33.97,0.0,106,0.430953,efficientdet_lite2_detection_metadata_1,0.0,0.429618,54.0,47.32542300000001
213,33.97,80.5,106,0.430953,efficientdet_lite2_detection_metadata_1,0.0,0.406362,53.5,47.73178500000001
214,33.97,0.0,107,0.407649,efficientdet_lite2_detection_metadata_1,0.0,0.406362,53.5,47.73307200000001
215,33.97,80.7,107,0.407649,efficientdet_lite2_detection_metadata_1,0.0,0.455627,56.0,48.18869900000001
216,33.97,5.0,108,0.507093,efficientdet_lite2_detection_metadata_1,0.05,0.455627,53.0,48.240165000000005
217,33.97,79.9,108,0.507093,efficientdet_lite2_detection_metadata_1,0.05,0.466258,56.0,48.70642300000001
218,33.97,0.0,109,0.568348,efficientdet_lite2_detection_metadata_1,0.1,0.466258,53.0,48.808513000000005
219,33.97,80.0,109,0.568348,efficientdet_lite2_detection_metadata_1,0.1,0.474324,54.0,49.28283700000001
220,33.97,9.1,110,0.525853,efficientdet_lite2_detection_metadata_1,0.05,0.474324,53.5,49.334366
221,33.97,81.9,110,0.525853,efficientdet_lite2_detection_metadata_1,0.05,0.487536,53.5,49.821902
222,33.97,0.0,111,0.488767,efficientdet_lite2_detection_metadata_1,0.0,0.487536,53.5,49.823133000000006
223,33.97,80.0,111,0.488767,efficientdet_lite2_detection_metadata_1,0.0,0.426722,54.5,50.249855000000004
224,33.97,0.0,112,0.42795,efficientdet_lite2_detection_metadata_1,0.0,0.426722,54.5,50.25108300000001
225,33.97,79.1,112,0.42795,efficientdet_lite2_detection_metadata_1,0.0,0.372955,54.0,50.624038000000006
226,33.97,0.0,113,0.374179,efficientdet_lite2_detection_metadata_1,0.0,0.372955,54.0,50.625262000000006
227,33.97,81.3,113,0.374179,efficientdet_lite2_detection_metadata_1,0.0,0.478783,54.0,51.104045000000006
228,33.97,0.0,114,0.479998,efficientdet_lite2_detection_metadata_1,0.0,0.478783,54.0,51.10526000000001
229,33.97,83.3,114,0.479998,efficientdet_lite2_detection_metadata_1,0.0,0.431357,54.0,51.53661700000001
230,33.97,0.0,115,0.432602,efficientdet_lite2_detection_metadata_1,0.0,0.431357,54.0,51.53786200000001
231,33.97,80.1,115,0.432602,efficientdet_lite2_detection_metadata_1,0.0,0.419183,54.5,51.95704500000001
232,33.97,50.0,116,0.420469,efficientdet_lite2_detection_metadata_1,0.0,0.419183,54.5,51.95833100000001
233,33.97,81.8,116,0.420469,efficientdet_lite2_detection_metadata_1,0.0,0.431003,53.5,52.389334000000005
234,33.97,0.0,117,0.432265,efficientdet_lite2_detection_metadata_1,0.0,0.431003,53.5,52.39059600000001
235,33.97,81.1,117,0.432265,efficientdet_lite2_detection_metadata_1,0.0,0.474952,56.0,52.86554800000001
236,33.97,4.8,118,0.526389,efficientdet_lite2_detection_metadata_1,0.05,0.474952,53.5,52.91698500000001
237,33.97,83.5,118,0.526389,efficientdet_lite2_detection_metadata_1,0.05,0.429392,57.0,53.34637700000001
238,33.97,1.7,119,0.583087,efficientdet_lite2_detection_metadata_1,0.15000000000000002,0.429392,53.0,53.50007200000001
239,33.97,80.5,119,0.583087,efficientdet_lite2_detection_metadata_1,0.15000000000000002,0.435519,54.5,53.93559100000001
240,33.97,3.8,120,0.563543,efficientdet_lite2_detection_metadata_1,0.12500000000000003,0.435519,53.0,54.06361500000001
241,33.97,80.8,120,0.563543,efficientdet_lite2_detection_metadata_1,0.12500000000000003,0.440326,55.0,54.50394100000001
242,33.97,5.8,121,0.568636,efficientdet_lite2_detection_metadata_1,0.12500000000000003,0.440326,53.0,54.63225100000001
243,33.97,78.0,121,0.568636,efficientdet_lite2_detection_metadata_1,0.12500000000000003,0.420244,54.0,55.05249500000001
244,33.97,29.0,122,0.496767,efficientdet_lite2_detection_metadata_1,0.07500000000000002,0.420244,54.5,55.12901800000001
245,33.97,79.5,122,0.496767,efficientdet_lite2_detection_metadata_1,0.07500000000000002,0.419952,54.0,55.54897000000001
246,33.97,16.7,123,0.446365,efficientdet_lite2_detection_metadata_1,0.025000000000000022,0.419952,53.5,55.57538300000001
247,33.97,80.4,123,0.446365,efficientdet_lite2_detection_metadata_1,0.025000000000000022,0.456239,54.0,56.031622000000006
248,33.97,0.0,124,0.457458,efficientdet_lite2_detection_metadata_1,0.0,0.456239,54.0,56.03284100000001
249,33.97,81.5,124,0.457458,efficientdet_lite2_detection_metadata_1,0.0,0.47796,55.0,56.510801000000015
250,33.97,0.0,125,0.479188,efficientdet_lite2_detection_metadata_1,0.0,0.47796,54.5,56.51202900000001
251,33.97,80.8,125,0.479188,efficientdet_lite2_detection_metadata_1,0.0,0.41274,53.5,56.92476900000001
252,33.97,0.0,126,0.414029,efficientdet_lite2_detection_metadata_1,0.0,0.41274,53.5,56.92605800000001
253,33.97,80.6,126,0.414029,efficientdet_lite2_detection_metadata_1,0.0,0.42048,54.5,57.34653800000001
254,33.97,0.0,127,0.421706,efficientdet_lite2_detection_metadata_1,0.0,0.42048,54.5,57.34776400000001
255,33.97,81.5,127,0.421706,efficientdet_lite2_detection_metadata_1,0.0,0.458019,55.0,57.80578300000001
256,33.97,0.0,128,0.459262,efficientdet_lite2_detection_metadata_1,0.0,0.458019,55.0,57.807026000000015
257,33.97,82.6,128,0.459262,efficientdet_lite2_detection_metadata_1,0.0,0.468506,55.0,58.27553200000001
258,33.97,100.0,129,0.469788,efficientdet_lite2_detection_metadata_1,0.0,0.468506,55.0,58.276814000000016
259,33.97,79.6,129,0.469788,efficientdet_lite2_detection_metadata_1,0.0,0.414346,56.0,58.69116000000002
260,33.97,0.0,130,0.465933,efficientdet_lite2_detection_metadata_1,0.05,0.414346,53.5,58.742747000000016
261,33.97,79.2,130,0.465933,efficientdet_lite2_detection_metadata_1,0.05,0.404651,54.0,59.14739800000002
262,33.97,0.0,131,0.405869,efficientdet_lite2_detection_metadata_1,0.0,0.404651,54.0,59.14861600000002
263,33.97,79.8,131,0.405869,efficientdet_lite2_detection_metadata_1,0.0,0.4536,54.0,59.60221600000002
264,33.97,0.0,132,0.454835,efficientdet_lite2_detection_metadata_1,0.0,0.4536,54.0,59.60345100000002
265,33.97,84.4,132,0.454835,efficientdet_lite2_detection_metadata_1,0.0,0.420762,56.0,60.024213000000024
266,33.97,4.8,133,0.472062,efficientdet_lite2_detection_metadata_1,0.05,0.420762,54.0,60.07551300000002
267,33.97,77.5,133,0.472062,efficientdet_lite2_detection_metadata_1,0.05,0.430891,55.0,60.506404000000025
268,33.97,5.3,134,0.482241,efficientdet_lite2_detection_metadata_1,0.05,0.430891,54.0,60.557754000000024
269,33.97,80.6,134,0.482241,efficientdet_lite2_detection_metadata_1,0.05,0.399271,56.0,60.95702500000002
270,33.97,2.5,135,0.501531,efficientdet_lite2_detection_metadata_1,0.1,0.399271,54.0,61.059285000000024
271,33.97,79.9,135,0.501531,efficientdet_lite2_detection_metadata_1,0.1,0.422908,54.5,61.482193000000024
272,33.97,0.0,136,0.499756,efficientdet_lite2_detection_metadata_1,0.07500000000000001,0.422908,53.5,61.55904100000002
273,33.97,81.4,136,0.499756,efficientdet_lite2_detection_metadata_1,0.07500000000000001,0.454935,54.5,62.01397600000002
274,33.97,4.8,137,0.506331,efficientdet_lite2_detection_metadata_1,0.05000000000000001,0.454935,54.0,62.065372000000025
275,33.97,80.6,137,0.506331,efficientdet_lite2_detection_metadata_1,0.05000000000000001,0.471007,56.5,62.536379000000025
276,33.97,0.0,138,0.599566,efficientdet_lite2_detection_metadata_1,0.12500000000000003,0.471007,53.5,62.66493800000003
277,33.97,82.4,138,0.599566,efficientdet_lite2_detection_metadata_1,0.12500000000000003,0.484262,55.0,63.14920000000003
278,33.97,5.8,139,0.61229,efficientdet_lite2_detection_metadata_1,0.12500000000000003,0.484262,53.5,63.27722800000003
279,33.97,81.1,139,0.61229,efficientdet_lite2_detection_metadata_1,0.12500000000000003,0.469977,54.5,63.74720500000003
280,33.97,4.8,140,0.572215,efficientdet_lite2_detection_metadata_1,0.10000000000000003,0.469977,53.5,63.849443000000036
281,33.97,81.0,140,0.572215,efficientdet_lite2_detection_metadata_1,0.10000000000000003,0.45675,55.0,64.30619300000004
282,33.97,0.0,141,0.558808,efficientdet_lite2_detection_metadata_1,0.10000000000000003,0.45675,54.0,64.40825100000004
283,33.97,83.2,141,0.558808,efficientdet_lite2_detection_metadata_1,0.10000000000000003,0.462535,55.0,64.87078600000004
284,33.97,4.8,142,0.564549,efficientdet_lite2_detection_metadata_1,0.10000000000000003,0.462535,53.5,64.97280000000003
285,33.97,82.2,142,0.564549,efficientdet_lite2_detection_metadata_1,0.10000000000000003,0.429932,56.5,65.40273200000003
286,33.97,4.1,143,0.611856,efficientdet_lite2_detection_metadata_1,0.17500000000000004,0.429932,53.5,65.58465600000004
287,33.97,82.8,143,0.611856,efficientdet_lite2_detection_metadata_1,0.17500000000000004,0.431291,55.0,66.01594700000004
288,33.97,2.8,144,0.612718,efficientdet_lite2_detection_metadata_1,0.17500000000000004,0.431291,53.5,66.19737400000004
289,33.97,78.5,144,0.612718,efficientdet_lite2_detection_metadata_1,0.17500000000000004,0.433707,55.5,66.63108100000004
290,33.97,6.3,145,0.635494,efficientdet_lite2_detection_metadata_1,0.20000000000000004,0.433707,53.5,66.83286800000003
291,33.97,81.9,145,0.635494,efficientdet_lite2_detection_metadata_1,0.20000000000000004,0.395982,54.5,67.22885000000004
292,33.97,4.2,146,0.576465,efficientdet_lite2_detection_metadata_1,0.17500000000000004,0.395982,53.0,67.40933300000003
293,33.97,82.1,146,0.576465,efficientdet_lite2_detection_metadata_1,0.17500000000000004,0.444518,54.5,67.85385100000003
294,33.97,3.2,147,0.598397,efficientdet_lite2_detection_metadata_1,0.15000000000000005,0.444518,53.5,68.00773000000004
295,33.97,79.3,147,0.598397,efficientdet_lite2_detection_metadata_1,0.15000000000000005,0.415419,54.0,68.42314900000004
296,33.97,2.4,148,0.51797,efficientdet_lite2_detection_metadata_1,0.10000000000000005,0.415419,53.5,68.52570000000004
297,33.97,78.3,148,0.51797,efficientdet_lite2_detection_metadata_1,0.10000000000000005,0.420899,54.5,68.94659900000005
298,33.97,0.0,149,0.497527,efficientdet_lite2_detection_metadata_1,0.07500000000000004,0.420899,53.5,69.02322700000005
299,33.97,80.9,149,0.497527,efficientdet_lite2_detection_metadata_1,0.07500000000000004,0.472103,54.5,69.49533000000005
300,33.97,19.0,150,0.524332,efficientdet_lite2_detection_metadata_1,0.05000000000000004,0.472103,53.5,69.54755900000005
301,33.97,81.0,150,0.524332,efficientdet_lite2_detection_metadata_1,0.05000000000000004,0.472175,54.5,70.01973400000006
302,33.97,0.0,151,0.498499,efficientdet_lite2_detection_metadata_1,0.025000000000000036,0.472175,53.5,70.04605800000004
303,33.97,83.3,151,0.498499,efficientdet_lite2_detection_metadata_1,0.025000000000000036,0.436424,57.0,70.48248200000005
304,33.97,5.7,152,0.56447,efficientdet_lite2_detection_metadata_1,0.12500000000000006,0.436424,53.5,70.61052800000004
305,33.97,80.8,152,0.56447,efficientdet_lite2_detection_metadata_1,0.12500000000000006,0.417587,55.5,71.02811500000004
306,33.97,11.1,153,0.571695,efficientdet_lite2_detection_metadata_1,0.15000000000000005,0.417587,53.5,71.18222300000005
307,33.97,81.1,153,0.571695,efficientdet_lite2_detection_metadata_1,0.15000000000000005,0.40546,54.5,71.58768300000006
308,33.97,14.3,154,0.532132,efficientdet_lite2_detection_metadata_1,0.12500000000000006,0.40546,54.0,71.71435500000005
309,33.97,81.3,154,0.532132,efficientdet_lite2_detection_metadata_1,0.12500000000000006,0.407489,54.5,72.12184400000005
310,33.97,7.5,155,0.508978,efficientdet_lite2_detection_metadata_1,0.10000000000000006,0.407489,54.0,72.22333300000005
311,33.97,81.1,155,0.508978,efficientdet_lite2_detection_metadata_1,0.10000000000000006,0.396961,54.5,72.62029400000006
312,33.97,3.2,156,0.473588,efficientdet_lite2_detection_metadata_1,0.07500000000000007,0.396961,53.5,72.69692100000006
313,33.97,79.6,156,0.473588,efficientdet_lite2_detection_metadata_1,0.07500000000000007,0.459586,56.5,73.15650700000006
314,33.97,3.3,157,0.613722,efficientdet_lite2_detection_metadata_1,0.15000000000000008,0.459586,53.5,73.31064300000006
315,33.97,81.1,157,0.613722,efficientdet_lite2_detection_metadata_1,0.15000000000000008,0.537535,54.0,73.84817800000006
316,33.97,0.0,158,0.640265,efficientdet_lite2_detection_metadata_1,0.10000000000000007,0.537535,53.5,73.95090800000006
317,33.97,80.2,158,0.640265,efficientdet_lite2_detection_metadata_1,0.10000000000000007,0.41345,56.5,74.36435800000005
318,33.97,4.2,159,0.592653,efficientdet_lite2_detection_metadata_1,0.1750000000000001,0.41345,53.5,74.54356100000005
319,33.97,79.5,159,0.592653,efficientdet_lite2_detection_metadata_1,0.1750000000000001,0.413948,54.0,74.95750900000006
320,33.97,2.0,160,0.542005,efficientdet_lite2_detection_metadata_1,0.1250000000000001,0.413948,53.5,75.08556600000006
321,33.97,80.7,160,0.542005,efficientdet_lite2_detection_metadata_1,0.1250000000000001,0.448855,54.5,75.53442100000005
322,33.97,0.0,161,0.550997,efficientdet_lite2_detection_metadata_1,0.10000000000000012,0.448855,53.5,75.63656300000005
323,33.97,80.7,161,0.550997,efficientdet_lite2_detection_metadata_1,0.10000000000000012,0.459058,55.0,76.09562100000005
324,33.97,0.0,162,0.561022,efficientdet_lite2_detection_metadata_1,0.10000000000000012,0.459058,54.0,76.19758500000005
325,33.97,80.2,162,0.561022,efficientdet_lite2_detection_metadata_1,0.10000000000000012,0.461818,54.5,76.65940300000004
326,33.97,3.1,163,0.5386,efficientdet_lite2_detection_metadata_1,0.07500000000000012,0.461818,53.5,76.73618500000005
327,33.97,81.3,163,0.5386,efficientdet_lite2_detection_metadata_1,0.07500000000000012,0.457971,54.5,77.19415600000005
328,33.97,4.8,164,0.509409,efficientdet_lite2_detection_metadata_1,0.05000000000000012,0.457971,54.0,77.24559400000005
329,33.97,80.2,164,0.509409,efficientdet_lite2_detection_metadata_1,0.05000000000000012,0.428702,54.5,77.67429600000006
330,33.97,9.1,165,0.455038,efficientdet_lite2_detection_metadata_1,0.02500000000000012,0.428702,54.0,77.70063200000006
331,33.97,81.2,165,0.455038,efficientdet_lite2_detection_metadata_1,0.02500000000000012,0.418859,54.5,78.11949100000005
332,33.97,0.0,166,0.420182,efficientdet_lite2_detection_metadata_1,1.1796119636642288e-16,0.418859,54.5,78.12081400000005
333,33.97,85.1,166,0.420182,efficientdet_lite2_detection_metadata_1,1.1796119636642288e-16,0.421325,56.5,78.54213900000005
334,33.97,0.0,167,0.498226,efficientdet_lite2_detection_metadata_1,0.07500000000000012,0.421325,54.0,78.61904000000006
335,33.97,79.3,167,0.498226,efficientdet_lite2_detection_metadata_1,0.07500000000000012,0.421503,54.5,79.04054300000006
336,33.97,25.0,168,0.472992,efficientdet_lite2_detection_metadata_1,0.05000000000000012,0.421503,54.0,79.09203200000006
337,33.97,80.2,168,0.472992,efficientdet_lite2_detection_metadata_1,0.05000000000000012,0.421062,54.5,79.51309400000007
338,33.97,0.0,169,0.447526,efficientdet_lite2_detection_metadata_1,0.02500000000000012,0.421062,54.0,79.53955800000006
339,33.97,80.4,169,0.447526,efficientdet_lite2_detection_metadata_1,0.02500000000000012,0.418532,57.0,79.95809000000006
340,33.97,2.0,170,0.546611,efficientdet_lite2_detection_metadata_1,0.1250000000000001,0.418532,54.0,80.08616900000006
341,33.97,80.6,170,0.546611,efficientdet_lite2_detection_metadata_1,0.1250000000000001,0.474326,57.0,80.56049500000006
342,33.97,4.4,171,0.705727,efficientdet_lite2_detection_metadata_1,0.22500000000000012,0.474326,53.5,80.79189600000005
343,33.97,80.0,171,0.705727,efficientdet_lite2_detection_metadata_1,0.22500000000000012,0.424549,54.5,81.21644500000005
344,33.97,7.1,172,0.632014,efficientdet_lite2_detection_metadata_1,0.20000000000000012,0.424549,53.5,81.42391000000005
345,33.97,79.8,172,0.632014,efficientdet_lite2_detection_metadata_1,0.20000000000000012,0.405279,54.5,81.82918900000004
346,33.97,2.8,173,0.584731,efficientdet_lite2_detection_metadata_1,0.17500000000000013,0.405279,53.5,82.00864100000005
347,33.97,80.8,173,0.584731,efficientdet_lite2_detection_metadata_1,0.17500000000000013,0.416708,57.0,82.42534900000005
348,33.97,7.4,174,0.693304,efficientdet_lite2_detection_metadata_1,0.27500000000000013,0.416708,53.5,82.70194500000005
349,33.97,81.1,174,0.693304,efficientdet_lite2_detection_metadata_1,0.27500000000000013,0.42536,55.0,83.12730500000005
350,33.97,12.4,175,0.704455,efficientdet_lite2_detection_metadata_1,0.27500000000000013,0.42536,54.0,83.40640000000005
351,33.97,81.3,175,0.704455,efficientdet_lite2_detection_metadata_1,0.27500000000000013,0.411811,54.5,83.81821100000005
352,33.97,8.1,176,0.664697,efficientdet_lite2_detection_metadata_1,0.2500000000000001,0.411811,53.5,84.07109700000005
353,33.97,82.2,176,0.664697,efficientdet_lite2_detection_metadata_1,0.2500000000000001,0.438349,56.5,84.50944600000005
354,33.97,6.0,177,0.769273,efficientdet_lite2_detection_metadata_1,0.3250000000000001,0.438349,53.5,84.84037000000005
355,33.97,79.0,177,0.769273,efficientdet_lite2_detection_metadata_1,0.3250000000000001,0.462379,54.5,85.30274900000005
356,33.97,4.9,178,0.76807,efficientdet_lite2_detection_metadata_1,0.3000000000000001,0.462379,53.0,85.60844000000004
357,33.97,79.0,178,0.76807,efficientdet_lite2_detection_metadata_1,0.3000000000000001,0.416489,57.0,86.02492900000004
358,33.97,10.0,179,0.822787,efficientdet_lite2_detection_metadata_1,0.40000000000000013,0.416489,54.0,86.43122700000005
359,33.97,79.6,179,0.822787,efficientdet_lite2_detection_metadata_1,0.40000000000000013,0.416227,54.5,86.84745400000006
360,33.97,9.8,180,0.79932,efficientdet_lite2_detection_metadata_1,0.3750000000000001,0.416227,53.5,87.23054700000004
361,33.97,80.0,180,0.79932,efficientdet_lite2_detection_metadata_1,0.3750000000000001,0.475512,55.5,87.70605900000004
362,33.97,9.4,181,0.877239,efficientdet_lite2_detection_metadata_1,0.40000000000000013,0.475512,53.5,88.10778600000005
363,33.97,77.9,181,0.877239,efficientdet_lite2_detection_metadata_1,0.40000000000000013,0.417565,56.5,88.52535100000004
364,33.97,11.3,182,0.898905,efficientdet_lite2_detection_metadata_1,0.47500000000000014,0.417565,53.5,89.00669100000005
365,33.97,79.3,182,0.898905,efficientdet_lite2_detection_metadata_1,0.47500000000000014,0.486741,56.5,89.49343200000004
366,33.97,7.4,183,1.038833,efficientdet_lite2_detection_metadata_1,0.5500000000000002,0.486741,54.0,90.04552400000004
367,33.97,81.1,183,1.038833,efficientdet_lite2_detection_metadata_1,0.5500000000000002,0.416349,54.5,90.46187300000004
368,33.97,8.1,184,0.948109,efficientdet_lite2_detection_metadata_1,0.5250000000000001,0.416349,53.0,90.99363300000005
369,33.97,79.9,184,0.948109,efficientdet_lite2_detection_metadata_1,0.5250000000000001,0.457926,56.5,91.45155900000005
370,33.97,8.3,185,1.064848,efficientdet_lite2_detection_metadata_1,0.6000000000000001,0.457926,53.0,92.05848100000004
371,33.97,82.1,185,1.064848,efficientdet_lite2_detection_metadata_1,0.6000000000000001,0.481357,54.0,92.53983800000005
372,33.97,7.3,186,1.037121,efficientdet_lite2_detection_metadata_1,0.55,0.481357,53.5,93.09560200000004
373,33.97,80.9,186,1.037121,efficientdet_lite2_detection_metadata_1,0.55,0.424964,56.5,93.52056600000004
374,33.97,10.3,187,1.051944,efficientdet_lite2_detection_metadata_1,0.625,0.424964,53.0,94.14754600000005
375,33.97,80.8,187,1.051944,efficientdet_lite2_detection_metadata_1,0.625,0.397543,54.0,94.54508900000005
376,33.97,8.3,188,0.980379,efficientdet_lite2_detection_metadata_1,0.575,0.397543,53.0,95.12792500000005
377,33.97,79.8,188,0.980379,efficientdet_lite2_detection_metadata_1,0.575,0.458542,55.0,95.58646700000004
378,33.97,7.8,189,1.038134,efficientdet_lite2_detection_metadata_1,0.575,0.458542,53.5,96.16605900000005
379,33.97,83.6,189,1.038134,efficientdet_lite2_detection_metadata_1,0.575,0.438271,56.5,96.60433000000005
380,33.97,8.4,190,1.091095,efficientdet_lite2_detection_metadata_1,0.6499999999999999,0.438271,54.0,97.25715400000004
381,33.97,79.2,190,1.091095,efficientdet_lite2_detection_metadata_1,0.6499999999999999,0.421408,54.5,97.67856200000004
382,33.97,8.1,191,1.051903,efficientdet_lite2_detection_metadata_1,0.6249999999999999,0.421408,53.0,98.30905700000004
383,33.97,79.4,191,1.051903,efficientdet_lite2_detection_metadata_1,0.6249999999999999,0.379989,54.5,98.68904600000003
384,33.97,7.9,192,0.987735,efficientdet_lite2_detection_metadata_1,0.5999999999999999,0.379989,53.5,99.29679200000004
385,33.97,78.0,192,0.987735,efficientdet_lite2_detection_metadata_1,0.5999999999999999,0.432987,55.0,99.72977900000004
386,33.97,10.0,193,1.035143,efficientdet_lite2_detection_metadata_1,0.5999999999999999,0.432987,53.0,100.33193500000004
387,33.97,80.3,193,1.035143,efficientdet_lite2_detection_metadata_1,0.5999999999999999,0.459223,57.0,100.79115800000004
388,33.97,8.9,194,1.167702,efficientdet_lite2_detection_metadata_1,0.6999999999999998,0.459223,53.0,101.49963700000005
389,33.97,78.0,194,1.167702,efficientdet_lite2_detection_metadata_1,0.6999999999999998,0.477365,56.5,101.97700200000006
390,33.97,7.7,195,1.261309,efficientdet_lite2_detection_metadata_1,0.7749999999999999,0.477365,53.0,102.76094600000005
391,33.97,80.5,195,1.261309,efficientdet_lite2_detection_metadata_1,0.7749999999999999,0.46586,55.0,103.22680600000005
392,33.97,8.6,196,1.248396,efficientdet_lite2_detection_metadata_1,0.7749999999999999,0.46586,53.0,104.00934200000005
393,33.97,78.7,196,1.248396,efficientdet_lite2_detection_metadata_1,0.7749999999999999,0.472893,55.5,104.48223500000005
394,33.97,7.3,197,1.280401,efficientdet_lite2_detection_metadata_1,0.7999999999999999,0.472893,53.0,105.28974300000004
395,33.97,80.7,197,1.280401,efficientdet_lite2_detection_metadata_1,0.7999999999999999,0.41975,54.5,105.70949300000004
396,33.97,6.9,198,1.199124,efficientdet_lite2_detection_metadata_1,0.7749999999999999,0.41975,53.0,106.48886700000004
397,33.97,81.0,198,1.199124,efficientdet_lite2_detection_metadata_1,0.7749999999999999,0.43016,55.0,106.91902700000004
398,33.97,7.5,199,1.211173,efficientdet_lite2_detection_metadata_1,0.7749999999999999,0.43016,52.5,107.70004000000004
399,33.97,81.7,199,1.211173,efficientdet_lite2_detection_metadata_1,0.7749999999999999,0.432239,54.5,108.13227900000004
400,33.97,7.4,200,1.190978,efficientdet_lite2_detection_metadata_1,0.7499999999999999,0.432239,53.0,108.89101800000005
401,33.97,79.3,200,1.190978,efficientdet_lite2_detection_metadata_1,0.7499999999999999,0.422147,55.0,109.31316500000004
402,33.97,7.7,201,1.180887,efficientdet_lite2_detection_metadata_1,0.7499999999999999,0.422147,53.5,110.07190500000004
403,33.97,79.1,201,1.180887,efficientdet_lite2_detection_metadata_1,0.7499999999999999,0.432649,55.0,110.50455400000004
404,33.97,5.7,202,1.18909,efficientdet_lite2_detection_metadata_1,0.7499999999999999,0.432649,53.0,111.26099500000004
405,33.97,80.0,202,1.18909,efficientdet_lite2_detection_metadata_1,0.7499999999999999,0.427145,54.0,111.68814000000003
406,33.97,8.2,203,1.131108,efficientdet_lite2_detection_metadata_1,0.6999999999999998,0.427145,53.0,112.39210300000003
407,33.97,78.9,203,1.131108,efficientdet_lite2_detection_metadata_1,0.6999999999999998,0.417384,54.0,112.80948700000003
408,33.97,8.0,204,1.075003,efficientdet_lite2_detection_metadata_1,0.6499999999999998,0.417384,53.0,113.46710600000003
409,33.97,80.7,204,1.075003,efficientdet_lite2_detection_metadata_1,0.6499999999999998,0.457428,56.0,113.92453400000002
410,33.97,7.2,205,1.164586,efficientdet_lite2_detection_metadata_1,0.6999999999999998,0.457428,53.0,114.63169200000003
411,33.97,79.5,205,1.164586,efficientdet_lite2_detection_metadata_1,0.6999999999999998,0.464011,56.0,115.09570300000003
412,33.97,8.0,206,1.221182,efficientdet_lite2_detection_metadata_1,0.7499999999999999,0.464011,53.0,115.85287400000003
413,33.97,81.3,206,1.221182,efficientdet_lite2_detection_metadata_1,0.7499999999999999,0.464285,54.5,116.31715900000003
414,33.97,8.2,207,1.196275,efficientdet_lite2_detection_metadata_1,0.7249999999999999,0.464285,53.0,117.04914900000003
415,33.97,80.0,207,1.196275,efficientdet_lite2_detection_metadata_1,0.7249999999999999,0.470351,55.0,117.51950000000002
416,33.97,8.8,208,1.203832,efficientdet_lite2_detection_metadata_1,0.7249999999999999,0.470351,53.0,118.25298100000003
417,33.97,80.0,208,1.203832,efficientdet_lite2_detection_metadata_1,0.7249999999999999,0.464242,54.5,118.71722300000003
418,33.97,6.8,209,1.170404,efficientdet_lite2_detection_metadata_1,0.6999999999999998,0.464242,53.0,119.42338500000004
419,33.97,79.6,209,1.170404,efficientdet_lite2_detection_metadata_1,0.6999999999999998,0.464076,55.0,119.88746100000004
420,33.97,7.5,210,1.173139,efficientdet_lite2_detection_metadata_1,0.6999999999999998,0.464076,53.0,120.59652400000004
421,33.97,81.1,210,1.173139,efficientdet_lite2_detection_metadata_1,0.6999999999999998,0.476897,54.5,121.07342100000004
422,33.97,8.1,211,1.160248,efficientdet_lite2_detection_metadata_1,0.6749999999999998,0.476897,53.5,121.75677200000004
423,33.97,81.5,211,1.160248,efficientdet_lite2_detection_metadata_1,0.6749999999999998,0.479468,54.5,122.23624000000004
424,33.97,5.4,212,1.136861,efficientdet_lite2_detection_metadata_1,0.6499999999999998,0.479468,53.0,122.89363300000004
425,33.97,78.8,212,1.136861,efficientdet_lite2_detection_metadata_1,0.6499999999999998,0.419426,55.0,123.31305900000004
426,33.97,7.4,213,1.076172,efficientdet_lite2_detection_metadata_1,0.6499999999999998,0.419426,53.0,123.96980500000004
427,33.97,80.2,213,1.076172,efficientdet_lite2_detection_metadata_1,0.6499999999999998,0.456789,56.0,124.42659400000004
428,33.97,7.9,214,1.164439,efficientdet_lite2_detection_metadata_1,0.6999999999999998,0.456789,53.0,125.13424400000004
429,33.97,81.6,214,1.164439,efficientdet_lite2_detection_metadata_1,0.6999999999999998,0.466101,54.5,125.60034500000003
430,33.97,7.0,215,1.148669,efficientdet_lite2_detection_metadata_1,0.6749999999999998,0.466101,53.0,126.28291300000004
431,33.97,80.1,215,1.148669,efficientdet_lite2_detection_metadata_1,0.6749999999999998,0.468382,54.0,126.75129500000004
432,33.97,7.2,216,1.100351,efficientdet_lite2_detection_metadata_1,0.6249999999999998,0.468382,53.0,127.38326400000004
433,33.97,80.0,216,1.100351,efficientdet_lite2_detection_metadata_1,0.6249999999999998,0.485512,54.0,127.86877600000004
434,33.97,8.3,217,1.064549,efficientdet_lite2_detection_metadata_1,0.5749999999999997,0.485512,54.0,128.44781300000005
435,33.97,80.1,217,1.064549,efficientdet_lite2_detection_metadata_1,0.5749999999999997,0.384984,56.5,128.83279700000006
436,33.97,8.1,218,1.037602,efficientdet_lite2_detection_metadata_1,0.6499999999999997,0.384984,53.0,129.48541500000005
437,33.97,79.9,218,1.037602,efficientdet_lite2_detection_metadata_1,0.6499999999999997,0.425941,54.5,129.91135600000004
438,33.97,7.7,219,1.058946,efficientdet_lite2_detection_metadata_1,0.6249999999999997,0.425941,53.0,130.54436100000004
439,33.97,81.0,219,1.058946,efficientdet_lite2_detection_metadata_1,0.6249999999999997,0.454994,54.5,130.99935500000004
440,33.97,7.9,220,1.062327,efficientdet_lite2_detection_metadata_1,0.5999999999999996,0.454994,53.0,131.60668800000005
441,33.97,80.2,220,1.062327,efficientdet_lite2_detection_metadata_1,0.5999999999999996,0.467502,54.0,132.07419000000004
442,33.97,7.4,221,1.020528,efficientdet_lite2_detection_metadata_1,0.5499999999999996,0.467502,53.0,132.62721600000006
443,33.97,78.4,221,1.020528,efficientdet_lite2_detection_metadata_1,0.5499999999999996,0.432487,54.5,133.05970300000007
444,33.97,14.8,222,0.959685,efficientdet_lite2_detection_metadata_1,0.5249999999999996,0.432487,53.5,133.58690100000007
445,33.97,79.5,222,0.959685,efficientdet_lite2_detection_metadata_1,0.5249999999999996,0.445655,55.5,134.03255600000006
446,33.97,6.8,223,1.003682,efficientdet_lite2_detection_metadata_1,0.5499999999999996,0.445655,53.0,134.59058300000007
447,33.97,79.0,223,1.003682,efficientdet_lite2_detection_metadata_1,0.5499999999999996,0.421613,54.0,135.01219600000007
448,33.97,8.8,224,0.928905,efficientdet_lite2_detection_metadata_1,0.4999999999999996,0.421613,53.0,135.51948800000005
449,33.97,79.6,224,0.928905,efficientdet_lite2_detection_metadata_1,0.4999999999999996,0.475821,54.5,135.99530900000005
450,33.97,10.1,225,0.952714,efficientdet_lite2_detection_metadata_1,0.4749999999999996,0.475821,54.0,136.47220200000004
451,33.97,78.9,225,0.952714,efficientdet_lite2_detection_metadata_1,0.4749999999999996,0.414443,54.0,136.88664500000004
452,33.97,8.2,226,0.846179,efficientdet_lite2_detection_metadata_1,0.4249999999999996,0.414443,53.0,137.31838100000004
453,33.97,80.2,226,0.846179,efficientdet_lite2_detection_metadata_1,0.4249999999999996,0.459913,56.5,137.77829400000005
454,33.97,9.5,227,0.961696,efficientdet_lite2_detection_metadata_1,0.4999999999999996,0.459913,56.0,138.28007700000003
455,33.97,81.4,227,0.961696,efficientdet_lite2_detection_metadata_1,0.4999999999999996,0.414632,56.5,138.69470900000005
456,33.97,6.6,228,0.997775,efficientdet_lite2_detection_metadata_1,0.5749999999999996,0.414632,53.0,139.27785200000002
457,33.97,80.3,228,0.997775,efficientdet_lite2_detection_metadata_1,0.5749999999999996,0.465107,54.0,139.742959
458,33.97,8.5,229,0.994502,efficientdet_lite2_detection_metadata_1,0.5249999999999996,0.465107,53.0,140.27235400000004
459,33.97,79.5,229,0.994502,efficientdet_lite2_detection_metadata_1,0.5249999999999996,0.48616,54.5,140.75851400000005
460,33.97,8.0,230,0.988029,efficientdet_lite2_detection_metadata_1,0.49999999999999956,0.48616,54.0,141.26038300000005
461,33.97,81.2,230,0.988029,efficientdet_lite2_detection_metadata_1,0.49999999999999956,0.416271,54.0,141.67665400000004
462,33.97,7.3,231,0.872801,efficientdet_lite2_detection_metadata_1,0.44999999999999957,0.416271,53.0,142.13318400000006
463,33.97,80.4,231,0.872801,efficientdet_lite2_detection_metadata_1,0.44999999999999957,0.465857,55.0,142.59904100000006
464,33.97,6.3,232,0.91762,efficientdet_lite2_detection_metadata_1,0.44999999999999957,0.465857,54.5,143.05080400000006
465,33.97,80.8,232,0.91762,efficientdet_lite2_detection_metadata_1,0.44999999999999957,0.418794,54.5,143.46959800000005
466,33.97,8.2,233,0.850392,efficientdet_lite2_detection_metadata_1,0.42499999999999954,0.418794,53.0,143.90119600000006
467,33.97,80.2,233,0.850392,efficientdet_lite2_detection_metadata_1,0.42499999999999954,0.479638,56.5,144.38083400000005
468,33.97,9.1,234,0.983582,efficientdet_lite2_detection_metadata_1,0.49999999999999956,0.479638,54.0,144.88477800000007
469,33.97,81.4,234,0.983582,efficientdet_lite2_detection_metadata_1,0.49999999999999956,0.406721,56.5,145.29149900000007
470,33.97,7.4,235,0.990298,efficientdet_lite2_detection_metadata_1,0.5749999999999995,0.406721,53.5,145.87507600000006
471,33.97,79.8,235,0.990298,efficientdet_lite2_detection_metadata_1,0.5749999999999995,0.431654,54.5,146.30673000000007
472,33.97,8.2,236,0.988746,efficientdet_lite2_detection_metadata_1,0.5499999999999995,0.431654,53.5,146.86382200000006
473,33.97,78.8,236,0.988746,efficientdet_lite2_detection_metadata_1,0.5499999999999995,0.476448,54.5,147.34027000000006
474,33.97,9.4,237,1.005922,efficientdet_lite2_detection_metadata_1,0.5249999999999995,0.476448,53.5,147.86974400000005
475,33.97,78.9,237,1.005922,efficientdet_lite2_detection_metadata_1,0.5249999999999995,0.421235,56.5,148.29097900000005
476,33.97,8.7,238,1.027614,efficientdet_lite2_detection_metadata_1,0.5999999999999994,0.421235,53.5,148.89735800000005
477,33.97,78.6,238,1.027614,efficientdet_lite2_detection_metadata_1,0.5999999999999994,0.417308,54.0,149.31466600000005
478,33.97,12.1,239,0.97523,efficientdet_lite2_detection_metadata_1,0.5499999999999994,0.417308,53.0,149.87258800000006
479,33.97,79.7,239,0.97523,efficientdet_lite2_detection_metadata_1,0.5499999999999994,0.466219,54.5,150.33880700000006
480,33.97,9.1,240,0.99601,efficientdet_lite2_detection_metadata_1,0.5249999999999994,0.466219,53.5,150.86859800000008
481,33.97,79.8,240,0.99601,efficientdet_lite2_detection_metadata_1,0.5249999999999994,0.405429,54.5,151.27402700000007
482,33.97,8.0,241,0.913669,efficientdet_lite2_detection_metadata_1,0.49999999999999933,0.405429,53.5,151.78226700000008
483,33.97,79.3,241,0.913669,efficientdet_lite2_detection_metadata_1,0.49999999999999933,0.44786,55.0,152.23012700000007
484,33.97,8.0,242,0.955929,efficientdet_lite2_detection_metadata_1,0.49999999999999933,0.44786,53.0,152.73819600000007
485,33.97,83.7,242,0.955929,efficientdet_lite2_detection_metadata_1,0.49999999999999933,0.426033,55.0,153.16422900000006
486,33.97,6.0,243,0.932681,efficientdet_lite2_detection_metadata_1,0.49999999999999933,0.426033,53.0,153.67087700000008
487,33.97,78.8,243,0.932681,efficientdet_lite2_detection_metadata_1,0.49999999999999933,0.391307,55.0,154.0621840000001
488,33.97,9.9,244,0.899904,efficientdet_lite2_detection_metadata_1,0.49999999999999933,0.391307,53.0,154.57078100000007
489,33.97,78.5,244,0.899904,efficientdet_lite2_detection_metadata_1,0.49999999999999933,0.482636,54.5,155.05341700000008
490,33.97,8.9,245,0.959538,efficientdet_lite2_detection_metadata_1,0.4749999999999993,0.482636,53.0,155.53031900000008
491,33.97,81.4,245,0.959538,efficientdet_lite2_detection_metadata_1,0.4749999999999993,0.415514,55.0,155.94583300000008
492,33.97,7.9,246,0.897074,efficientdet_lite2_detection_metadata_1,0.4749999999999993,0.415514,53.0,156.42739300000008
493,33.97,80.3,246,0.897074,efficientdet_lite2_detection_metadata_1,0.4749999999999993,0.474364,55.0,156.9017570000001
494,33.97,4.7,247,0.95688,efficientdet_lite2_detection_metadata_1,0.4749999999999993,0.474364,53.5,157.3842730000001
495,33.97,80.3,247,0.95688,efficientdet_lite2_detection_metadata_1,0.4749999999999993,0.427339,56.5,157.81161200000008
496,33.97,8.1,248,0.984406,efficientdet_lite2_detection_metadata_1,0.5499999999999994,0.427339,53.0,158.3686790000001
497,33.97,79.3,248,0.984406,efficientdet_lite2_detection_metadata_1,0.5499999999999994,0.462592,56.5,158.8312710000001
498,33.97,8.4,249,1.095886,efficientdet_lite2_detection_metadata_1,0.6249999999999993,0.462592,53.0,159.4645650000001
499,33.97,81.3,249,1.095886,efficientdet_lite2_detection_metadata_1,0.6249999999999993,0.489155,55.0,159.95372000000012
500,33.97,7.7,250,1.118583,efficientdet_lite2_detection_metadata_1,0.6249999999999993,0.489155,53.5,160.5831480000001
501,33.97,79.9,250,1.118583,efficientdet_lite2_detection_metadata_1,0.6249999999999993,0.416523,54.0,160.99967100000012
502,33.97,6.6,251,0.998428,efficientdet_lite2_detection_metadata_1,0.5749999999999993,0.416523,53.0,161.5815760000001
503,33.97,77.5,251,0.998428,efficientdet_lite2_detection_metadata_1,0.5749999999999993,0.390986,54.5,161.9725620000001
504,33.97,7.8,252,0.948246,efficientdet_lite2_detection_metadata_1,0.5499999999999993,0.390986,53.0,162.5298220000001
505,33.97,81.0,252,0.948246,efficientdet_lite2_detection_metadata_1,0.5499999999999993,0.471564,54.5,163.0013860000001
506,33.97,8.1,253,0.998885,efficientdet_lite2_detection_metadata_1,0.5249999999999992,0.471564,53.5,163.5287070000001
507,33.97,79.8,253,0.998885,efficientdet_lite2_detection_metadata_1,0.5249999999999992,0.408084,54.0,163.9367910000001
508,33.97,7.9,254,0.888959,efficientdet_lite2_detection_metadata_1,0.47499999999999926,0.408084,53.0,164.4176660000001
509,33.97,81.6,254,0.888959,efficientdet_lite2_detection_metadata_1,0.47499999999999926,0.455045,56.5,164.87271100000012
510,33.97,6.8,255,1.012059,efficientdet_lite2_detection_metadata_1,0.5499999999999993,0.455045,53.0,165.4297250000001
511,33.97,81.1,255,1.012059,efficientdet_lite2_detection_metadata_1,0.5499999999999993,0.439159,56.0,165.8688840000001
512,33.97,7.2,256,1.041105,efficientdet_lite2_detection_metadata_1,0.5999999999999993,0.439159,55.0,166.4708300000001
513,33.97,80.2,256,1.041105,efficientdet_lite2_detection_metadata_1,0.5999999999999993,0.410859,56.5,166.88168900000008
514,33.97,7.4,257,1.09374,efficientdet_lite2_detection_metadata_1,0.6749999999999994,0.410859,53.0,167.5645700000001
515,33.97,78.6,257,1.09374,efficientdet_lite2_detection_metadata_1,0.6749999999999994,0.421775,56.0,167.98634500000009
516,33.97,6.9,258,1.153458,efficientdet_lite2_detection_metadata_1,0.7249999999999994,0.421775,53.0,168.7180280000001
517,33.97,80.9,258,1.153458,efficientdet_lite2_detection_metadata_1,0.7249999999999994,0.407132,56.0,169.12516000000008
518,33.97,7.5,259,1.186957,efficientdet_lite2_detection_metadata_1,0.7749999999999995,0.407132,53.0,169.9049850000001
519,33.97,80.2,259,1.186957,efficientdet_lite2_detection_metadata_1,0.7749999999999995,0.418837,54.0,170.3238220000001
520,33.97,7.6,260,1.152255,efficientdet_lite2_detection_metadata_1,0.7249999999999994,0.418837,53.0,171.0572400000001
521,33.97,80.0,260,1.152255,efficientdet_lite2_detection_metadata_1,0.7249999999999994,0.416119,54.0,171.4733590000001
522,33.97,7.8,261,1.099359,efficientdet_lite2_detection_metadata_1,0.6749999999999994,0.416119,53.5,172.15659900000009
523,33.97,79.6,261,1.099359,efficientdet_lite2_detection_metadata_1,0.6749999999999994,0.465624,55.0,172.62222300000008
524,33.97,8.1,262,1.146833,efficientdet_lite2_detection_metadata_1,0.6749999999999994,0.465624,53.0,173.30343200000007
525,33.97,81.2,262,1.146833,efficientdet_lite2_detection_metadata_1,0.6749999999999994,0.463549,54.5,173.76698100000007
526,33.97,7.7,263,1.12121,efficientdet_lite2_detection_metadata_1,0.6499999999999994,0.463549,53.5,174.42464200000006
527,33.97,80.3,263,1.12121,efficientdet_lite2_detection_metadata_1,0.6499999999999994,0.471231,55.0,174.89587300000005
528,33.97,6.6,264,1.125567,efficientdet_lite2_detection_metadata_1,0.6499999999999994,0.471231,53.5,175.55020900000005
529,33.97,81.8,264,1.125567,efficientdet_lite2_detection_metadata_1,0.6499999999999994,0.425519,56.0,175.97572800000006
530,33.97,8.6,265,1.128737,efficientdet_lite2_detection_metadata_1,0.6999999999999994,0.425519,53.0,176.67894600000005
531,33.97,81.1,265,1.128737,efficientdet_lite2_detection_metadata_1,0.6999999999999994,0.409314,54.0,177.08826000000005
532,33.97,8.1,266,1.061542,efficientdet_lite2_detection_metadata_1,0.6499999999999994,0.409314,53.5,177.74048800000006
533,33.97,80.1,266,1.061542,efficientdet_lite2_detection_metadata_1,0.6499999999999994,0.402058,54.0,178.14254600000007
534,33.97,8.0,267,1.00814,efficientdet_lite2_detection_metadata_1,0.5999999999999993,0.402058,53.0,178.74862800000005
535,33.97,79.9,267,1.00814,efficientdet_lite2_detection_metadata_1,0.5999999999999993,0.459129,54.5,179.20775700000004
536,33.97,8.3,268,1.041923,efficientdet_lite2_detection_metadata_1,0.5749999999999993,0.459129,53.5,179.79055100000005
537,33.97,80.3,268,1.041923,efficientdet_lite2_detection_metadata_1,0.5749999999999993,0.435942,57.0,180.22649300000006
538,33.97,8.8,269,1.118214,efficientdet_lite2_detection_metadata_1,0.6749999999999993,0.435942,53.0,180.90876500000005
539,33.97,79.4,269,1.118214,efficientdet_lite2_detection_metadata_1,0.6749999999999993,0.412814,55.0,181.32157900000004
540,33.97,8.1,270,1.093454,efficientdet_lite2_detection_metadata_1,0.6749999999999993,0.412814,53.0,182.00221900000005
541,33.97,79.5,270,1.093454,efficientdet_lite2_detection_metadata_1,0.6749999999999993,0.458167,54.5,182.46038600000006
542,33.97,8.1,271,1.115261,efficientdet_lite2_detection_metadata_1,0.6499999999999992,0.458167,53.5,183.11748000000006
543,33.97,79.8,271,1.115261,efficientdet_lite2_detection_metadata_1,0.6499999999999992,0.488432,56.5,183.60591200000005
544,33.97,7.6,272,1.22071,efficientdet_lite2_detection_metadata_1,0.7249999999999992,0.488432,53.5,184.33819000000005
545,33.97,78.4,272,1.22071,efficientdet_lite2_detection_metadata_1,0.7249999999999992,0.496449,56.5,184.83463900000007
546,33.97,7.8,273,1.304036,efficientdet_lite2_detection_metadata_1,0.7999999999999992,0.496449,53.0,185.64222600000005
547,33.97,80.4,273,1.304036,efficientdet_lite2_detection_metadata_1,0.7999999999999992,0.454247,54.5,186.09647300000006
548,33.97,8.1,274,1.236382,efficientdet_lite2_detection_metadata_1,0.7749999999999991,0.454247,53.0,186.87860800000004
549,33.97,80.2,274,1.236382,efficientdet_lite2_detection_metadata_1,0.7749999999999991,0.471977,55.0,187.35058500000005
550,33.97,7.4,275,1.253709,efficientdet_lite2_detection_metadata_1,0.7749999999999991,0.471977,53.5,188.13231700000003
551,33.97,80.5,275,1.253709,efficientdet_lite2_detection_metadata_1,0.7749999999999991,0.429284,54.5,188.56160100000002
552,33.97,8.3,276,1.186127,efficientdet_lite2_detection_metadata_1,0.7499999999999991,0.429284,53.0,189.31844400000003
553,33.97,80.7,276,1.186127,efficientdet_lite2_detection_metadata_1,0.7499999999999991,0.422848,54.0,189.74129200000002
554,33.97,7.6,277,1.128678,efficientdet_lite2_detection_metadata_1,0.6999999999999991,0.422848,53.0,190.44712200000004
555,33.97,80.9,277,1.128678,efficientdet_lite2_detection_metadata_1,0.6999999999999991,0.483938,54.5,190.93106000000003
556,33.97,5.9,278,1.166468,efficientdet_lite2_detection_metadata_1,0.674999999999999,0.483938,53.0,191.61359000000004
557,33.97,78.6,278,1.166468,efficientdet_lite2_detection_metadata_1,0.674999999999999,0.432423,57.0,192.04601300000004
558,33.97,8.4,279,1.213558,efficientdet_lite2_detection_metadata_1,0.774999999999999,0.432423,53.0,192.82714800000005
559,33.97,83.1,279,1.213558,efficientdet_lite2_detection_metadata_1,0.774999999999999,0.425447,56.0,193.25259500000004
560,33.97,11.9,280,1.252686,efficientdet_lite2_detection_metadata_1,0.8249999999999991,0.425447,53.0,194.07983400000006
561,33.97,80.8,280,1.252686,efficientdet_lite2_detection_metadata_1,0.8249999999999991,0.420987,54.5,194.50082100000006
562,33.97,10.1,281,1.223154,efficientdet_lite2_detection_metadata_1,0.799999999999999,0.420987,53.5,195.30298800000006
563,33.97,81.0,281,1.223154,efficientdet_lite2_detection_metadata_1,0.799999999999999,0.420449,55.0,195.72343700000005
564,33.97,8.9,282,1.223743,efficientdet_lite2_detection_metadata_1,0.799999999999999,0.420449,53.5,196.52673100000007
565,33.97,79.7,282,1.223743,efficientdet_lite2_detection_metadata_1,0.799999999999999,0.427329,55.0,196.95406000000006
566,33.97,11.6,283,1.229696,efficientdet_lite2_detection_metadata_1,0.799999999999999,0.427329,53.5,197.75642700000006
567,33.97,80.6,283,1.229696,efficientdet_lite2_detection_metadata_1,0.799999999999999,0.41714,54.5,198.17356700000005
568,33.97,9.4,284,1.195605,efficientdet_lite2_detection_metadata_1,0.774999999999999,0.41714,53.0,198.95203200000006
569,33.97,79.1,284,1.195605,efficientdet_lite2_detection_metadata_1,0.774999999999999,0.42462,54.0,199.37665200000006
570,33.97,10.4,285,1.151668,efficientdet_lite2_detection_metadata_1,0.724999999999999,0.42462,53.5,200.10370000000006
571,33.97,81.0,285,1.151668,efficientdet_lite2_detection_metadata_1,0.724999999999999,0.404387,54.5,200.50808700000007
572,33.97,7.9,286,1.108696,efficientdet_lite2_detection_metadata_1,0.699999999999999,0.404387,53.0,201.21239600000007
573,33.97,79.1,286,1.108696,efficientdet_lite2_detection_metadata_1,0.699999999999999,0.41141,54.0,201.62380600000006
574,33.97,7.8,287,1.067563,efficientdet_lite2_detection_metadata_1,0.6499999999999989,0.41141,53.0,202.27995900000008
575,33.97,80.3,287,1.067563,efficientdet_lite2_detection_metadata_1,0.6499999999999989,0.460526,54.0,202.74048500000006
576,33.97,5.0,288,1.06816,efficientdet_lite2_detection_metadata_1,0.5999999999999989,0.460526,53.0,203.34811900000008
577,33.97,80.7,288,1.06816,efficientdet_lite2_detection_metadata_1,0.5999999999999989,0.424261,54.0,203.77238000000008
578,33.97,8.6,289,0.981172,efficientdet_lite2_detection_metadata_1,0.5499999999999988,0.424261,53.0,204.32929100000007
579,33.97,81.1,289,0.981172,efficientdet_lite2_detection_metadata_1,0.5499999999999988,0.469468,55.0,204.79875900000008
580,33.97,8.2,290,1.024082,efficientdet_lite2_detection_metadata_1,0.5499999999999988,0.469468,53.0,205.35337300000006
581,33.97,80.9,290,1.024082,efficientdet_lite2_detection_metadata_1,0.5499999999999988,0.443138,55.0,205.79651100000007
582,33.97,6.7,291,1.000561,efficientdet_lite2_detection_metadata_1,0.5499999999999988,0.443138,53.0,206.35393400000007
583,33.97,79.4,291,1.000561,efficientdet_lite2_detection_metadata_1,0.5499999999999988,0.382467,56.0,206.73640100000006
584,33.97,7.4,292,0.990326,efficientdet_lite2_detection_metadata_1,0.5999999999999989,0.382467,53.0,207.34426000000008
585,33.97,80.2,292,0.990326,efficientdet_lite2_detection_metadata_1,0.5999999999999989,0.455128,54.5,207.79938800000008
586,33.97,8.7,293,1.034903,efficientdet_lite2_detection_metadata_1,0.5749999999999988,0.455128,53.0,208.37916300000006
587,33.97,82.5,293,1.034903,efficientdet_lite2_detection_metadata_1,0.5749999999999988,0.429527,56.0,208.80869000000007
588,33.97,8.8,294,1.056487,efficientdet_lite2_detection_metadata_1,0.6249999999999989,0.429527,53.5,209.43565000000007
589,33.97,79.5,294,1.056487,efficientdet_lite2_detection_metadata_1,0.6249999999999989,0.410916,56.0,209.84656600000005
590,33.97,8.5,295,1.091437,efficientdet_lite2_detection_metadata_1,0.6749999999999989,0.410916,53.0,210.52708700000008
591,33.97,80.6,295,1.091437,efficientdet_lite2_detection_metadata_1,0.6749999999999989,0.427901,54.0,210.95498800000007
592,33.97,8.3,296,1.0615,efficientdet_lite2_detection_metadata_1,0.6249999999999989,0.427901,53.0,211.58858700000008
593,33.97,82.0,296,1.0615,efficientdet_lite2_detection_metadata_1,0.6249999999999989,0.467383,56.5,212.0559700000001
594,33.97,7.5,297,1.173621,efficientdet_lite2_detection_metadata_1,0.6999999999999988,0.467383,53.0,212.76220800000007
595,33.97,80.0,297,1.173621,efficientdet_lite2_detection_metadata_1,0.6999999999999988,0.467828,56.0,213.23003600000007
596,33.97,8.6,298,1.225097,efficientdet_lite2_detection_metadata_1,0.7499999999999989,0.467828,53.0,213.98730500000008
597,33.97,80.3,298,1.225097,efficientdet_lite2_detection_metadata_1,0.7499999999999989,0.457002,54.0,214.44430700000007
598,33.97,5.7,299,1.16444,efficientdet_lite2_detection_metadata_1,0.6999999999999988,0.457002,52.5,215.1517450000001
599,33.97,80.1,299,1.16444,efficientdet_lite2_detection_metadata_1,0.6999999999999988,0.416396,56.0,215.56814100000008
600,33.97,7.3,300,1.174519,efficientdet_lite2_detection_metadata_1,0.7499999999999989,0.416396,52.5,216.3262640000001
601,33.97,79.1,300,1.174519,efficientdet_lite2_detection_metadata_1,0.7499999999999989,0.439544,56.0,216.7658080000001
602,33.97,7.8,301,1.24477,efficientdet_lite2_detection_metadata_1,0.7999999999999989,0.439544,53.0,217.57103400000008
603,33.97,80.6,301,1.24477,efficientdet_lite2_detection_metadata_1,0.7999999999999989,0.426242,54.5,217.99727600000008
604,33.97,8.4,302,1.205548,efficientdet_lite2_detection_metadata_1,0.7749999999999989,0.426242,52.5,218.77658200000008
605,33.97,81.1,302,1.205548,efficientdet_lite2_detection_metadata_1,0.7749999999999989,0.407575,54.5,219.18415700000008
606,33.97,8.7,303,1.162068,efficientdet_lite2_detection_metadata_1,0.7499999999999989,0.407575,53.0,219.93865000000008
607,33.97,78.9,303,1.162068,efficientdet_lite2_detection_metadata_1,0.7499999999999989,0.41772,56.0,220.35637000000008
608,33.97,7.8,304,1.22456,efficientdet_lite2_detection_metadata_1,0.7999999999999989,0.41772,53.0,221.16321000000008
609,33.97,81.4,304,1.22456,efficientdet_lite2_detection_metadata_1,0.7999999999999989,0.40594,54.0,221.56915000000006
610,33.97,9.5,305,1.164342,efficientdet_lite2_detection_metadata_1,0.7499999999999989,0.40594,53.0,222.32755200000008
611,33.97,78.5,305,1.164342,efficientdet_lite2_detection_metadata_1,0.7499999999999989,0.429344,54.0,222.75689600000007
612,33.97,8.2,306,1.136616,efficientdet_lite2_detection_metadata_1,0.6999999999999988,0.429344,53.0,223.4641680000001
613,33.97,78.9,306,1.136616,efficientdet_lite2_detection_metadata_1,0.6999999999999988,0.458867,56.0,223.92303500000008
614,33.97,8.3,307,1.216349,efficientdet_lite2_detection_metadata_1,0.7499999999999989,0.458867,53.0,224.6805170000001
615,33.97,80.4,307,1.216349,efficientdet_lite2_detection_metadata_1,0.7499999999999989,0.419088,54.0,225.09960500000008
616,33.97,6.5,308,1.126838,efficientdet_lite2_detection_metadata_1,0.6999999999999988,0.419088,53.0,225.8073550000001
617,33.97,80.9,308,1.126838,efficientdet_lite2_detection_metadata_1,0.6999999999999988,0.464275,54.0,226.27163000000007
618,33.97,5.4,309,1.121204,efficientdet_lite2_detection_metadata_1,0.6499999999999988,0.464275,53.0,226.9285590000001
619,33.97,79.5,309,1.121204,efficientdet_lite2_detection_metadata_1,0.6499999999999988,0.430727,56.5,227.35928600000008
620,33.97,7.9,310,1.165764,efficientdet_lite2_detection_metadata_1,0.7249999999999988,0.430727,52.5,228.0943230000001
621,33.97,79.3,310,1.165764,efficientdet_lite2_detection_metadata_1,0.7249999999999988,0.426285,55.0,228.5206080000001
622,33.97,7.6,311,1.158541,efficientdet_lite2_detection_metadata_1,0.7249999999999988,0.426285,53.0,229.2528640000001
623,33.97,78.4,311,1.158541,efficientdet_lite2_detection_metadata_1,0.7249999999999988,0.464273,56.0,229.7171370000001
624,33.97,8.4,312,1.244126,efficientdet_lite2_detection_metadata_1,0.7749999999999988,0.464273,53.0,230.4969900000001
625,33.97,79.9,312,1.244126,efficientdet_lite2_detection_metadata_1,0.7749999999999988,0.417203,54.0,230.9141930000001
626,33.97,8.6,313,1.150492,efficientdet_lite2_detection_metadata_1,0.7249999999999988,0.417203,53.0,231.6474820000001
627,33.97,78.3,313,1.150492,efficientdet_lite2_detection_metadata_1,0.7249999999999988,0.422687,54.0,232.0701690000001
628,33.97,6.7,314,1.104641,efficientdet_lite2_detection_metadata_1,0.6749999999999987,0.422687,53.0,232.7521230000001
629,33.97,81.1,314,1.104641,efficientdet_lite2_detection_metadata_1,0.6749999999999987,0.459152,55.0,233.2112750000001
630,33.97,7.7,315,1.141068,efficientdet_lite2_detection_metadata_1,0.6749999999999987,0.459152,53.0,233.8931910000001
631,33.97,80.1,315,1.141068,efficientdet_lite2_detection_metadata_1,0.6749999999999987,0.46877,54.0,234.3619610000001
632,33.97,8.9,316,1.095869,efficientdet_lite2_detection_metadata_1,0.6249999999999987,0.46877,53.0,234.98906000000008
633,33.97,83.3,316,1.095869,efficientdet_lite2_detection_metadata_1,0.6249999999999987,0.426789,56.5,235.4158490000001
634,33.97,7.9,317,1.130556,efficientdet_lite2_detection_metadata_1,0.6999999999999986,0.426789,53.0,236.1196160000001
635,33.97,78.8,317,1.130556,efficientdet_lite2_detection_metadata_1,0.6999999999999986,0.425491,54.5,236.5451070000001
636,33.97,9.4,318,1.102777,efficientdet_lite2_detection_metadata_1,0.6749999999999986,0.425491,54.5,237.2223930000001
637,33.97,81.7,318,1.102777,efficientdet_lite2_detection_metadata_1,0.6749999999999986,0.411543,54.5,237.6339360000001
638,33.97,7.7,319,1.06844,efficientdet_lite2_detection_metadata_1,0.6499999999999986,0.411543,53.0,238.2908330000001
639,33.97,78.0,319,1.06844,efficientdet_lite2_detection_metadata_1,0.6499999999999986,0.432375,56.5,238.7232080000001
640,33.97,8.9,320,1.16614,efficientdet_lite2_detection_metadata_1,0.7249999999999985,0.432375,53.0,239.45697300000012
641,33.97,81.4,320,1.16614,efficientdet_lite2_detection_metadata_1,0.7249999999999985,0.427185,56.5,239.88415800000013
642,33.97,8.7,321,1.233664,efficientdet_lite2_detection_metadata_1,0.7999999999999985,0.427185,53.0,240.69063700000012
643,33.97,80.3,321,1.233664,efficientdet_lite2_detection_metadata_1,0.7999999999999985,0.428245,54.0,241.11888200000013
644,33.97,8.6,322,1.186275,efficientdet_lite2_detection_metadata_1,0.7499999999999984,0.428245,52.5,241.87691200000012
645,33.97,78.8,322,1.186275,efficientdet_lite2_detection_metadata_1,0.7499999999999984,0.41827,56.0,242.29518200000012
646,33.97,7.8,323,1.226162,efficientdet_lite2_detection_metadata_1,0.7999999999999985,0.41827,52.5,243.1030740000001
647,33.97,81.9,323,1.226162,efficientdet_lite2_detection_metadata_1,0.7999999999999985,0.3989,54.0,243.5019740000001
648,33.97,8.3,324,1.156346,efficientdet_lite2_detection_metadata_1,0.7499999999999984,0.3989,53.0,244.25942000000012
649,33.97,81.2,324,1.156346,efficientdet_lite2_detection_metadata_1,0.7499999999999984,0.418693,55.5,244.6781130000001
650,33.97,7.1,325,1.202031,efficientdet_lite2_detection_metadata_1,0.7749999999999985,0.418693,52.5,245.46145100000012
651,33.97,79.1,325,1.202031,efficientdet_lite2_detection_metadata_1,0.7749999999999985,0.436718,56.5,245.89816900000014
652,33.97,7.8,326,1.288845,efficientdet_lite2_detection_metadata_1,0.8499999999999985,0.436718,53.0,246.75029600000013
653,33.97,80.1,326,1.288845,efficientdet_lite2_detection_metadata_1,0.8499999999999985,0.43819,54.0,247.18848600000013
654,33.97,10.4,327,1.240317,efficientdet_lite2_detection_metadata_1,0.7999999999999985,0.43819,53.0,247.99061300000014
655,33.97,81.7,327,1.240317,efficientdet_lite2_detection_metadata_1,0.7999999999999985,0.424765,56.0,248.41537800000015
656,33.97,8.9,328,1.278429,efficientdet_lite2_detection_metadata_1,0.8499999999999985,0.424765,52.5,249.26904200000013
657,33.97,79.9,328,1.278429,efficientdet_lite2_detection_metadata_1,0.8499999999999985,0.430278,54.5,249.6993200000001
658,33.97,9.2,329,1.257717,efficientdet_lite2_detection_metadata_1,0.8249999999999985,0.430278,52.5,250.52675900000014
659,33.97,78.2,329,1.257717,efficientdet_lite2_detection_metadata_1,0.8249999999999985,0.39316,53.5,250.91991900000014
660,33.97,8.3,330,1.149296,efficientdet_lite2_detection_metadata_1,0.7499999999999984,0.39316,52.5,251.67605500000013
661,33.97,78.4,330,1.149296,efficientdet_lite2_detection_metadata_1,0.7499999999999984,0.380729,54.0,252.05678400000014
662,33.97,7.2,331,1.088078,efficientdet_lite2_detection_metadata_1,0.6999999999999984,0.380729,52.5,252.76413300000013
663,33.97,81.6,331,1.088078,efficientdet_lite2_detection_metadata_1,0.6999999999999984,0.573413,56.0,253.33754600000012
664,33.97,7.4,332,1.328141,efficientdet_lite2_detection_metadata_1,0.7499999999999984,0.573413,53.0,254.09227400000012
665,33.97,81.7,332,1.328141,efficientdet_lite2_detection_metadata_1,0.7499999999999984,0.469044,54.0,254.5613180000001
666,33.97,7.5,333,1.175929,efficientdet_lite2_detection_metadata_1,0.6999999999999984,0.469044,52.5,255.2682030000001
667,33.97,77.6,333,1.175929,efficientdet_lite2_detection_metadata_1,0.6999999999999984,0.402308,55.5,255.67051100000012
668,33.97,7.9,334,1.135605,efficientdet_lite2_detection_metadata_1,0.7249999999999984,0.402308,52.5,256.40380800000014
669,33.97,80.9,334,1.135605,efficientdet_lite2_detection_metadata_1,0.7249999999999984,0.404944,54.0,256.80875200000014
670,33.97,7.7,335,1.088152,efficientdet_lite2_detection_metadata_1,0.6749999999999984,0.404944,53.0,257.4919600000001
671,33.97,80.4,335,1.088152,efficientdet_lite2_detection_metadata_1,0.6749999999999984,0.453558,54.0,257.9455180000001
672,33.97,8.0,336,1.085169,efficientdet_lite2_detection_metadata_1,0.6249999999999983,0.453558,52.5,258.5771290000001
673,33.97,79.4,336,1.085169,efficientdet_lite2_detection_metadata_1,0.6249999999999983,0.488778,54.0,259.06590700000015
674,33.97,8.7,337,1.066543,efficientdet_lite2_detection_metadata_1,0.5749999999999983,0.488778,53.0,259.64367200000015
675,33.97,78.8,337,1.066543,efficientdet_lite2_detection_metadata_1,0.5749999999999983,0.413515,54.5,260.05718700000017
676,33.97,9.0,338,0.970911,efficientdet_lite2_detection_metadata_1,0.5499999999999983,0.413515,52.5,260.61458300000015
677,33.97,78.7,338,0.970911,efficientdet_lite2_detection_metadata_1,0.5499999999999983,0.424528,54.0,261.03911100000016
678,33.97,9.4,339,0.932695,efficientdet_lite2_detection_metadata_1,0.4999999999999983,0.424528,53.0,261.5472780000002
679,33.97,79.9,339,0.932695,efficientdet_lite2_detection_metadata_1,0.4999999999999983,0.463644,54.0,262.01092200000016
680,33.97,8.3,340,0.915638,efficientdet_lite2_detection_metadata_1,0.4499999999999983,0.463644,53.0,262.4629160000002
681,33.97,78.2,340,0.915638,efficientdet_lite2_detection_metadata_1,0.4499999999999983,0.398683,56.0,262.8615990000002
682,33.97,10.4,341,0.906804,efficientdet_lite2_detection_metadata_1,0.4999999999999983,0.398683,53.0,263.3697200000002
683,33.97,79.2,341,0.906804,efficientdet_lite2_detection_metadata_1,0.4999999999999983,0.480824,54.0,263.8505440000002
684,33.97,10.1,342,0.932657,efficientdet_lite2_detection_metadata_1,0.4499999999999983,0.480824,53.0,264.3023770000002
685,33.97,81.3,342,0.932657,efficientdet_lite2_detection_metadata_1,0.4499999999999983,0.41879,54.0,264.7211670000002
686,33.97,9.3,343,0.824951,efficientdet_lite2_detection_metadata_1,0.3999999999999983,0.41879,53.0,265.1273280000002
687,33.97,80.5,343,0.824951,efficientdet_lite2_detection_metadata_1,0.3999999999999983,0.462566,56.0,265.5898940000002
688,33.97,6.1,344,0.914558,efficientdet_lite2_detection_metadata_1,0.4499999999999983,0.462566,53.0,266.0418860000002
689,33.97,81.4,344,0.914558,efficientdet_lite2_detection_metadata_1,0.4499999999999983,0.404825,55.5,266.4467110000002
690,33.97,9.4,345,0.888024,efficientdet_lite2_detection_metadata_1,0.4749999999999983,0.404825,52.5,266.9299100000002
691,33.97,80.2,345,0.888024,efficientdet_lite2_detection_metadata_1,0.4749999999999983,0.478556,54.0,267.4084660000002
692,33.97,5.4,346,0.905292,efficientdet_lite2_detection_metadata_1,0.4249999999999983,0.478556,53.0,267.83520200000015
693,33.97,80.6,346,0.905292,efficientdet_lite2_detection_metadata_1,0.4249999999999983,0.413766,54.0,268.24896800000016
694,33.97,8.1,347,0.792947,efficientdet_lite2_detection_metadata_1,0.37499999999999833,0.413766,53.0,268.6281490000002
695,33.97,80.4,347,0.792947,efficientdet_lite2_detection_metadata_1,0.37499999999999833,0.423811,55.5,269.0519600000002
696,33.97,7.9,348,0.831038,efficientdet_lite2_detection_metadata_1,0.39999999999999836,0.423811,53.0,269.45918700000016
697,33.97,81.0,348,0.831038,efficientdet_lite2_detection_metadata_1,0.39999999999999836,0.463333,54.0,269.92252000000013
698,33.97,8.7,349,0.815181,efficientdet_lite2_detection_metadata_1,0.34999999999999837,0.463333,53.0,270.27436800000015
699,33.97,80.0,349,0.815181,efficientdet_lite2_detection_metadata_1,0.34999999999999837,0.420223,54.0,270.6945910000002
700,33.97,9.9,350,0.724508,efficientdet_lite2_detection_metadata_1,0.2999999999999984,0.420223,53.0,270.99887600000017
701,33.97,80.1,350,0.724508,efficientdet_lite2_detection_metadata_1,0.2999999999999984,0.410885,56.5,271.4097610000002
702,33.97,9.2,351,0.792739,efficientdet_lite2_detection_metadata_1,0.3749999999999984,0.410885,53.0,271.79161500000015
703,33.97,80.0,351,0.792739,efficientdet_lite2_detection_metadata_1,0.3749999999999984,0.416837,56.0,272.20845200000014
704,33.97,9.3,352,0.847543,efficientdet_lite2_detection_metadata_1,0.4249999999999984,0.416837,53.0,272.6391580000001
705,33.97,82.6,352,0.847543,efficientdet_lite2_detection_metadata_1,0.4249999999999984,0.433406,56.5,273.0725640000001
706,33.97,5.0,353,0.94136,efficientdet_lite2_detection_metadata_1,0.4999999999999984,0.433406,53.0,273.5805180000001
707,33.97,78.8,353,0.94136,efficientdet_lite2_detection_metadata_1,0.4999999999999984,0.42462,54.0,274.0051380000001
708,33.97,10.3,354,0.882917,efficientdet_lite2_detection_metadata_1,0.4499999999999984,0.42462,53.0,274.4634350000001
709,33.97,82.4,354,0.882917,efficientdet_lite2_detection_metadata_1,0.4499999999999984,0.418633,54.5,274.8820680000001
710,33.97,4.1,355,0.852717,efficientdet_lite2_detection_metadata_1,0.4249999999999984,0.418633,53.0,275.3161520000001
711,33.97,80.7,355,0.852717,efficientdet_lite2_detection_metadata_1,0.4249999999999984,0.405366,54.5,275.7215180000001
712,33.97,9.4,356,0.807672,efficientdet_lite2_detection_metadata_1,0.39999999999999836,0.405366,53.0,276.1238240000001
713,33.97,81.1,356,0.807672,efficientdet_lite2_detection_metadata_1,0.39999999999999836,0.409847,54.0,276.53367100000014
714,33.97,10.4,357,0.767451,efficientdet_lite2_detection_metadata_1,0.34999999999999837,0.409847,53.0,276.8912750000001
715,33.97,79.4,357,0.767451,efficientdet_lite2_detection_metadata_1,0.34999999999999837,0.474987,54.5,277.3662620000001
716,33.97,6.0,358,0.808066,efficientdet_lite2_detection_metadata_1,0.32499999999999835,0.474987,53.0,277.6993410000001
717,33.97,79.5,358,0.808066,efficientdet_lite2_detection_metadata_1,0.32499999999999835,0.414938,56.5,278.1142790000001
718,33.97,10.6,359,0.817109,efficientdet_lite2_detection_metadata_1,0.39999999999999836,0.414938,53.5,278.51645000000013
719,33.97,80.9,359,0.817109,efficientdet_lite2_detection_metadata_1,0.39999999999999836,0.404768,55.0,278.9212180000001
720,33.97,9.2,360,0.813055,efficientdet_lite2_detection_metadata_1,0.39999999999999836,0.404768,53.0,279.32950500000015
721,33.97,80.4,360,0.813055,efficientdet_lite2_detection_metadata_1,0.39999999999999836,0.474937,54.5,279.80444200000017
722,33.97,6.5,361,0.854207,efficientdet_lite2_detection_metadata_1,0.37499999999999833,0.474937,53.0,280.1837120000001
723,33.97,78.4,361,0.854207,efficientdet_lite2_detection_metadata_1,0.37499999999999833,0.379468,54.5,280.5631800000001
724,33.97,8.7,362,0.73203,efficientdet_lite2_detection_metadata_1,0.3499999999999983,0.379468,53.5,280.91574200000014
725,33.97,80.2,362,0.73203,efficientdet_lite2_detection_metadata_1,0.3499999999999983,0.419893,56.5,281.33563500000014
726,33.97,9.2,363,0.85159,efficientdet_lite2_detection_metadata_1,0.4249999999999983,0.419893,53.0,281.7673320000001
727,33.97,80.7,363,0.85159,efficientdet_lite2_detection_metadata_1,0.4249999999999983,0.463259,54.0,282.2305910000001
728,33.97,6.7,364,0.840293,efficientdet_lite2_detection_metadata_1,0.37499999999999833,0.463259,53.5,282.6076250000001
729,33.97,80.9,364,0.840293,efficientdet_lite2_detection_metadata_1,0.37499999999999833,0.40027,54.0,283.0078950000001
730,33.97,9.9,365,0.729542,efficientdet_lite2_detection_metadata_1,0.32499999999999835,0.40027,53.5,283.3371670000001
731,33.97,79.1,365,0.729542,efficientdet_lite2_detection_metadata_1,0.32499999999999835,0.409357,55.0,283.7465240000001
732,33.97,9.1,366,0.741178,efficientdet_lite2_detection_metadata_1,0.32499999999999835,0.409357,53.5,284.07834500000007
733,33.97,84.0,366,0.741178,efficientdet_lite2_detection_metadata_1,0.32499999999999835,0.452071,55.0,284.53041600000006
734,33.97,3.1,367,0.783021,efficientdet_lite2_detection_metadata_1,0.32499999999999835,0.452071,53.0,284.8613660000001
735,33.97,80.3,367,0.783021,efficientdet_lite2_detection_metadata_1,0.32499999999999835,0.461281,54.0,285.3226470000001
736,33.97,5.4,368,0.744257,efficientdet_lite2_detection_metadata_1,0.27499999999999836,0.461281,53.5,285.6056230000001
737,33.97,78.8,368,0.744257,efficientdet_lite2_detection_metadata_1,0.27499999999999836,0.37579,54.0,285.9814130000001
738,33.97,3.3,369,0.60861,efficientdet_lite2_detection_metadata_1,0.22499999999999837,0.37579,53.5,286.2142330000001
739,33.97,80.9,369,0.60861,efficientdet_lite2_detection_metadata_1,0.22499999999999837,0.401777,54.5,286.6160100000001
740,33.97,4.9,370,0.605412,efficientdet_lite2_detection_metadata_1,0.19999999999999837,0.401777,53.5,286.8196450000001
741,33.97,79.3,370,0.605412,efficientdet_lite2_detection_metadata_1,0.19999999999999837,0.412761,56.0,287.2324060000001
742,33.97,13.9,371,0.664331,efficientdet_lite2_detection_metadata_1,0.2499999999999984,0.412761,54.0,287.4839760000001
743,33.97,82.2,371,0.664331,efficientdet_lite2_detection_metadata_1,0.2499999999999984,0.40886,55.0,287.8928360000001
744,33.97,11.9,372,0.661038,efficientdet_lite2_detection_metadata_1,0.2499999999999984,0.40886,53.5,288.1450140000001
745,33.97,79.1,372,0.661038,efficientdet_lite2_detection_metadata_1,0.2499999999999984,0.408684,56.5,288.5536980000001
746,33.97,9.9,373,0.73912,efficientdet_lite2_detection_metadata_1,0.3249999999999984,0.408684,53.5,288.88413400000013
747,33.97,81.8,373,0.73912,efficientdet_lite2_detection_metadata_1,0.3249999999999984,0.487148,55.0,289.3712820000001
748,33.97,6.0,374,0.817922,efficientdet_lite2_detection_metadata_1,0.3249999999999984,0.487148,53.5,289.70205600000014
749,33.97,79.1,374,0.817922,efficientdet_lite2_detection_metadata_1,0.3249999999999984,0.455782,54.5,290.15783800000014
750,33.97,10.0,375,0.757393,efficientdet_lite2_detection_metadata_1,0.2999999999999984,0.455782,53.5,290.4594490000001
751,33.97,80.4,375,0.757393,efficientdet_lite2_detection_metadata_1,0.2999999999999984,0.408989,54.0,290.86843800000014
752,33.97,13.0,376,0.661133,efficientdet_lite2_detection_metadata_1,0.2499999999999984,0.408989,53.5,291.1205820000001
753,33.97,79.4,376,0.661133,efficientdet_lite2_detection_metadata_1,0.2499999999999984,0.413794,54.5,291.5343760000001
754,33.97,11.0,377,0.64169,efficientdet_lite2_detection_metadata_1,0.2249999999999984,0.413794,53.5,291.7622720000001
755,33.97,79.6,377,0.64169,efficientdet_lite2_detection_metadata_1,0.2249999999999984,0.407141,54.0,292.16941300000013
756,33.97,12.7,378,0.586861,efficientdet_lite2_detection_metadata_1,0.17499999999999838,0.407141,53.5,292.3491330000001
757,33.97,80.7,378,0.586861,efficientdet_lite2_detection_metadata_1,0.17499999999999838,0.402958,56.5,292.7520910000001
758,33.97,12.4,379,0.657208,efficientdet_lite2_detection_metadata_1,0.2499999999999984,0.402958,53.5,293.00634100000013
759,33.97,81.7,379,0.657208,efficientdet_lite2_detection_metadata_1,0.2499999999999984,0.430079,54.5,293.4364200000001
760,33.97,6.5,380,0.660851,efficientdet_lite2_detection_metadata_1,0.2249999999999984,0.430079,53.5,293.6671920000001
761,33.97,80.8,380,0.660851,efficientdet_lite2_detection_metadata_1,0.2249999999999984,0.428928,56.5,294.0961200000001
762,33.97,13.2,381,0.730769,efficientdet_lite2_detection_metadata_1,0.2999999999999984,0.428928,53.5,294.3979610000001
763,33.97,80.4,381,0.730769,efficientdet_lite2_detection_metadata_1,0.2999999999999984,0.407526,54.5,294.80548700000014
764,33.97,9.9,382,0.68656,efficientdet_lite2_detection_metadata_1,0.27499999999999836,0.407526,54.0,295.0845210000001
765,33.97,81.0,382,0.68656,efficientdet_lite2_detection_metadata_1,0.27499999999999836,0.424068,55.5,295.5085890000001
766,33.97,7.3,383,0.731793,efficientdet_lite2_detection_metadata_1,0.2999999999999984,0.424068,53.5,295.8163140000001
767,33.97,80.4,383,0.731793,efficientdet_lite2_detection_metadata_1,0.2999999999999984,0.470947,56.5,296.2872610000001
768,33.97,5.9,384,0.849856,efficientdet_lite2_detection_metadata_1,0.3749999999999984,0.470947,53.0,296.6661700000001
769,33.97,78.7,384,0.849856,efficientdet_lite2_detection_metadata_1,0.3749999999999984,0.387025,54.0,297.0531950000001
770,33.97,10.7,385,0.714228,efficientdet_lite2_detection_metadata_1,0.3249999999999984,0.387025,54.0,297.38039800000007
771,33.97,79.8,385,0.714228,efficientdet_lite2_detection_metadata_1,0.3249999999999984,0.414347,54.0,297.7947450000001
772,33.97,9.8,386,0.69597,efficientdet_lite2_detection_metadata_1,0.2749999999999984,0.414347,53.5,298.07636800000006
773,33.97,81.1,386,0.69597,efficientdet_lite2_detection_metadata_1,0.2749999999999984,0.42241,54.5,298.4987780000001
774,33.97,6.9,387,0.680248,efficientdet_lite2_detection_metadata_1,0.24999999999999842,0.42241,53.5,298.75661600000007
775,33.97,82.8,387,0.680248,efficientdet_lite2_detection_metadata_1,0.24999999999999842,0.475098,55.0,299.23171400000007
776,33.97,5.8,388,0.732635,efficientdet_lite2_detection_metadata_1,0.24999999999999842,0.475098,53.5,299.4892510000001
777,33.97,80.2,388,0.732635,efficientdet_lite2_detection_metadata_1,0.24999999999999842,0.456457,54.5,299.9457080000001
778,33.97,5.4,389,0.688545,efficientdet_lite2_detection_metadata_1,0.22499999999999842,0.456457,53.5,300.17779600000006
