,iterator_record,time_record,temp_record_CPU,temp_record_GPU,cpu_record,processing_duration_record,pause_duration_record,loop_duration_record,net_record,avg_accuracy_record,action_record
0,0,0.0,51.0,49.5,0.0,0.0,0.0,0.0,efficientdet_lite4_detection_metadata_2,0.4196,NA
1,0,1.366153,51.5,50.0,12.2,1.366153,0.0,0.0,efficientdet_lite4_detection_metadata_2,0.4196,NA
2,1,1.3686009999999997,51.5,50.0,50.0,1.366153,0.0,1.368601,efficientdet_lite4_detection_metadata_2,0.4196,NA
3,1,2.727937,51.5,50.0,86.0,1.359336,0.0,1.368601,efficientdet_lite4_detection_metadata_2,0.4196,NA
4,2,2.7303369999999996,51.5,50.0,50.0,1.359336,0.0,1.361736,efficientdet_lite4_detection_metadata_2,0.4196,NA
5,2,4.093678,52.0,49.5,85.8,1.363341,0.0,1.361736,efficientdet_lite4_detection_metadata_2,0.4196,NA
6,3,4.096099,52.0,49.5,0.0,1.363341,0.0,1.365762,efficientdet_lite4_detection_metadata_2,0.4196,NA
7,3,5.452612,52.0,50.0,86.0,1.356513,0.0,1.365762,efficientdet_lite4_detection_metadata_2,0.4196,NA
8,4,5.4551169999999995,52.0,50.0,0.0,1.356513,0.0,1.359018,efficientdet_lite4_detection_metadata_2,0.4196,NA
9,4,6.8128079999999995,52.0,49.5,86.0,1.357691,0.0,1.359018,efficientdet_lite4_detection_metadata_2,0.4196,NA
10,5,6.815288,52.0,49.5,0.0,1.357691,0.0,1.360171,efficientdet_lite4_detection_metadata_2,0.4196,NA
11,5,8.172894,53.5,50.0,86.4,1.357606,0.0,1.360171,efficientdet_lite4_detection_metadata_2,0.4196,NA
12,6,8.175365,53.5,50.0,0.0,1.357606,0.0,1.360077,efficientdet_lite4_detection_metadata_2,0.4196,NA
13,6,9.528915,53.5,50.0,86.0,1.35355,0.0,1.360077,efficientdet_lite4_detection_metadata_2,0.4196,NA
14,7,9.531457999999999,53.5,50.0,50.0,1.35355,0.0,1.356093,efficientdet_lite4_detection_metadata_2,0.4196,NA
15,7,10.884987999999998,53.5,50.0,86.1,1.35353,0.0,1.356093,efficientdet_lite4_detection_metadata_2,0.4196,NA
16,8,10.887522999999998,53.5,50.0,50.0,1.35353,0.0,1.356065,efficientdet_lite4_detection_metadata_2,0.4196,NA
17,8,12.269315999999998,51.5,50.5,85.8,1.381793,0.0,1.356065,efficientdet_lite4_detection_metadata_2,0.4196,NA
18,9,12.271842999999999,51.5,50.5,0.0,1.381793,0.0,1.38432,efficientdet_lite4_detection_metadata_2,0.4196,NA
19,9,13.633062999999998,51.5,50.5,85.8,1.36122,0.0,1.38432,efficientdet_lite4_detection_metadata_2,0.4196,NA
20,10,13.635551999999999,51.5,50.5,0.0,1.36122,0.0,1.363709,efficientdet_lite4_detection_metadata_2,0.4196,NA
21,10,15.000570999999999,52.0,50.5,85.7,1.365019,0.0,1.363709,efficientdet_lite4_detection_metadata_2,0.4196,NA
22,11,15.003029999999999,52.0,50.5,0.0,1.365019,0.0,1.367478,efficientdet_lite4_detection_metadata_2,0.4196,NA
23,11,16.355898,52.0,50.5,86.1,1.352868,0.0,1.367478,efficientdet_lite4_detection_metadata_2,0.4196,NA
24,12,16.358369,52.0,50.5,0.0,1.352868,0.0,1.355339,efficientdet_lite4_detection_metadata_2,0.4196,NA
25,12,17.711282999999998,52.0,51.0,85.9,1.352914,0.0,1.355339,efficientdet_lite4_detection_metadata_2,0.4196,NA
26,13,17.71376,52.0,51.0,0.0,1.352914,0.0,1.355391,efficientdet_lite4_detection_metadata_2,0.4196,NA
27,13,19.068893,52.0,51.0,86.0,1.355133,0.0,1.355391,efficientdet_lite4_detection_metadata_2,0.4196,NA
28,14,19.071427,52.0,51.0,0.0,1.355133,0.0,1.357667,efficientdet_lite4_detection_metadata_2,0.4196,NA
29,14,20.425882,52.0,50.5,86.1,1.354455,0.0,1.357667,efficientdet_lite4_detection_metadata_2,0.4196,NA
30,15,20.428358,52.0,50.5,0.0,1.354455,0.0,1.356931,efficientdet_lite4_detection_metadata_2,0.4196,NA
31,15,21.779517,52.0,51.0,86.1,1.351159,0.0,1.356931,efficientdet_lite4_detection_metadata_2,0.4196,NA
32,16,21.782289,52.0,51.0,0.0,1.351159,0.0,1.353931,efficientdet_lite4_detection_metadata_2,0.4196,NA
33,16,23.137743999999998,52.0,51.0,86.2,1.355455,0.0,1.353931,efficientdet_lite4_detection_metadata_2,0.4196,NA
34,17,23.140214999999998,52.0,51.0,0.0,1.355455,0.0,1.357926,efficientdet_lite4_detection_metadata_2,0.4196,NA
35,17,24.493053999999997,52.0,51.0,86.1,1.352839,0.0,1.357926,efficientdet_lite4_detection_metadata_2,0.4196,NA
36,18,24.495575,52.0,51.0,0.0,1.352839,0.0,1.35536,efficientdet_lite4_detection_metadata_2,0.4196,NA
37,18,25.859752,52.0,50.5,85.9,1.364177,0.0,1.35536,efficientdet_lite4_detection_metadata_2,0.4196,NA
38,19,25.862240999999997,52.0,50.5,0.0,1.364177,0.0,1.366666,efficientdet_lite4_detection_metadata_2,0.4196,NA
39,19,27.218667999999997,52.0,51.0,86.1,1.356427,0.0,1.366666,efficientdet_lite4_detection_metadata_2,0.4196,NA
40,20,27.221161999999996,52.0,51.0,0.0,1.356427,0.0,1.358921,efficientdet_lite4_detection_metadata_2,0.4196,NA
41,20,28.574236999999997,52.0,51.0,86.2,1.353075,0.0,1.358921,efficientdet_lite4_detection_metadata_2,0.4196,NA
42,21,28.576708999999997,52.0,51.0,0.0,1.353075,0.0,1.355547,efficientdet_lite4_detection_metadata_2,0.4196,NA
43,21,29.929627999999997,52.0,51.0,86.2,1.352919,0.0,1.355547,efficientdet_lite4_detection_metadata_2,0.4196,NA
44,22,29.932094999999997,52.0,51.0,0.0,1.352919,0.0,1.355386,efficientdet_lite4_detection_metadata_2,0.4196,NA
45,22,31.283731999999997,53.0,50.5,86.1,1.351637,0.0,1.355386,efficientdet_lite4_detection_metadata_2,0.4196,NA
46,23,31.286262999999995,53.0,50.5,0.0,1.351637,0.0,1.354168,efficientdet_lite4_detection_metadata_2,0.4196,NA
47,23,32.64107299999999,54.0,51.0,86.0,1.35481,0.0,1.354168,efficientdet_lite4_detection_metadata_2,0.4196,NA
48,24,32.643635999999994,54.0,51.0,100.0,1.35481,0.0,1.357373,efficientdet_lite4_detection_metadata_2,0.4196,NA
49,24,34.00819599999999,54.5,51.0,85.9,1.36456,0.0,1.357373,efficientdet_lite4_detection_metadata_2,0.4196,NA
50,25,34.010661999999996,54.5,51.0,0.0,1.36456,0.0,1.367026,efficientdet_lite4_detection_metadata_2,0.4196,NA
51,25,35.366273,54.5,51.0,86.1,1.355611,0.0,1.367026,efficientdet_lite4_detection_metadata_2,0.4196,NA
52,26,35.36875199999999,54.5,51.0,0.0,1.355611,0.0,1.35809,efficientdet_lite4_detection_metadata_2,0.4196,NA
53,26,36.723806999999994,54.5,51.0,86.0,1.355055,0.0,1.35809,efficientdet_lite4_detection_metadata_2,0.4196,NA
54,27,36.72638299999999,54.5,51.0,50.0,1.355055,0.0,1.357631,efficientdet_lite4_detection_metadata_2,0.4196,NA
55,27,38.08472899999999,54.5,51.0,86.0,1.358346,0.0,1.357631,efficientdet_lite4_detection_metadata_2,0.4196,NA
56,28,38.087191999999995,54.5,51.0,0.0,1.358346,0.0,1.360809,efficientdet_lite4_detection_metadata_2,0.4196,NA
57,28,39.43936299999999,54.5,51.0,86.2,1.352171,0.0,1.360809,efficientdet_lite4_detection_metadata_2,0.4196,NA
58,29,39.441905999999996,54.5,51.0,0.0,1.352171,0.0,1.354714,efficientdet_lite4_detection_metadata_2,0.4196,NA
59,29,40.802499999999995,53.0,51.0,85.7,1.360594,0.0,1.354714,efficientdet_lite4_detection_metadata_2,0.4196,NA
60,30,40.805035,53.0,51.0,0.0,1.360594,0.0,1.363129,efficientdet_lite4_detection_metadata_2,0.4196,NA
61,30,42.163906,54.5,51.5,86.0,1.358871,0.0,1.363129,efficientdet_lite4_detection_metadata_2,0.4196,NA
62,31,42.16638,54.5,51.5,100.0,1.358871,0.0,1.361345,efficientdet_lite4_detection_metadata_2,0.4196,NA
63,31,43.522023999999995,52.5,51.0,85.8,1.355644,0.0,1.361345,efficientdet_lite4_detection_metadata_2,0.4196,NA
64,32,43.524514999999994,52.5,51.0,0.0,1.355644,0.0,1.358135,efficientdet_lite4_detection_metadata_2,0.4196,NA
65,32,44.88940099999999,53.0,51.0,85.7,1.364886,0.0,1.358135,efficientdet_lite4_detection_metadata_2,0.4196,NA
66,33,44.89188099999999,53.0,51.0,0.0,1.364886,0.0,1.367366,efficientdet_lite4_detection_metadata_2,0.4196,NA
67,33,46.24525699999999,52.5,51.5,86.1,1.353376,0.0,1.367366,efficientdet_lite4_detection_metadata_2,0.4196,NA
68,34,46.24775999999999,52.5,51.5,0.0,1.353376,0.0,1.355879,efficientdet_lite4_detection_metadata_2,0.4196,NA
69,34,47.59877499999999,53.0,51.0,86.2,1.351015,0.0,1.355879,efficientdet_lite4_detection_metadata_2,0.4196,NA
70,35,47.60132599999999,53.0,51.0,0.0,1.351015,0.0,1.353566,efficientdet_lite4_detection_metadata_2,0.4196,NA
71,35,48.96974999999999,53.0,51.0,85.4,1.368424,0.0,1.353566,efficientdet_lite4_detection_metadata_2,0.4196,NA
72,36,48.97232699999999,53.0,51.0,0.0,1.368424,0.0,1.371001,efficientdet_lite4_detection_metadata_2,0.4196,NA
73,36,50.33591199999999,53.0,51.5,85.7,1.363585,0.0,1.371001,efficientdet_lite4_detection_metadata_2,0.4196,NA
74,37,50.33840099999999,53.0,51.5,0.0,1.363585,0.0,1.366074,efficientdet_lite4_detection_metadata_2,0.4196,NA
75,37,51.69875299999999,55.0,51.5,85.8,1.360352,0.0,1.366074,efficientdet_lite4_detection_metadata_2,0.4196,NA
76,38,51.70123599999999,55.0,51.5,0.0,1.360352,0.0,1.362835,efficientdet_lite4_detection_metadata_2,0.4196,NA
77,38,53.06786299999999,55.0,51.5,85.8,1.366627,0.0,1.362835,efficientdet_lite4_detection_metadata_2,0.4196,NA
78,39,53.07038799999999,55.0,51.5,0.0,1.366627,0.0,1.369152,efficientdet_lite4_detection_metadata_2,0.4196,NA
79,39,54.43694699999999,55.0,51.5,85.5,1.366559,0.0,1.369152,efficientdet_lite4_detection_metadata_2,0.4196,NA
80,40,54.43942599999999,55.0,51.5,0.0,1.366559,0.0,1.369038,efficientdet_lite4_detection_metadata_2,0.4196,NA
81,40,55.79027199999999,55.0,51.5,86.3,1.350846,0.0,1.369038,efficientdet_lite4_detection_metadata_2,0.4196,NA
82,41,55.79282499999999,55.0,51.5,0.0,1.350846,0.0,1.353399,efficientdet_lite4_detection_metadata_2,0.4196,NA
83,41,57.15983299999999,53.0,51.5,85.8,1.367008,0.0,1.353399,efficientdet_lite4_detection_metadata_2,0.4196,NA
84,42,57.16231199999999,53.0,51.5,0.0,1.367008,0.0,1.369487,efficientdet_lite4_detection_metadata_2,0.4196,NA
85,42,58.51468299999999,53.5,51.5,86.0,1.352371,0.0,1.369487,efficientdet_lite4_detection_metadata_2,0.4196,NA
86,43,58.51716499999999,53.5,51.5,0.0,1.352371,0.0,1.354853,efficientdet_lite4_detection_metadata_2,0.4196,NA
87,43,59.86906499999999,53.0,51.5,86.0,1.3519,0.0,1.354853,efficientdet_lite4_detection_metadata_2,0.4196,NA
88,44,59.87159199999999,53.0,51.5,100.0,1.3519,0.0,1.354427,efficientdet_lite4_detection_metadata_2,0.4196,NA
89,44,61.235567999999994,53.5,51.5,85.7,1.363976,0.0,1.354427,efficientdet_lite4_detection_metadata_2,0.4196,NA
90,45,61.238111999999994,53.5,51.5,0.0,1.363976,0.0,1.36652,efficientdet_lite4_detection_metadata_2,0.4196,NA
91,45,62.60603499999999,53.0,52.0,85.4,1.367923,0.0,1.36652,efficientdet_lite4_detection_metadata_2,0.4196,NA
92,46,62.608574999999995,53.0,52.0,0.0,1.367923,0.0,1.370463,efficientdet_lite4_detection_metadata_2,0.4196,NA
93,46,63.97115899999999,53.5,52.0,85.8,1.362584,0.0,1.370463,efficientdet_lite4_detection_metadata_2,0.4196,NA
94,47,63.973676,53.5,52.0,0.0,1.362584,0.0,1.365101,efficientdet_lite4_detection_metadata_2,0.4196,NA
95,47,65.32611899999999,53.0,51.5,86.0,1.352443,0.0,1.365101,efficientdet_lite4_detection_metadata_2,0.4196,NA
96,48,65.328662,53.0,51.5,0.0,1.352443,0.0,1.354986,efficientdet_lite4_detection_metadata_2,0.4196,NA
97,48,66.68711599999999,53.5,52.0,85.7,1.358454,0.0,1.354986,efficientdet_lite4_detection_metadata_2,0.4196,NA
98,49,66.689613,53.5,52.0,0.0,1.358454,0.0,1.360951,efficientdet_lite4_detection_metadata_2,0.4196,NA
99,49,68.05372299999999,53.0,52.5,85.7,1.36411,0.0,1.360951,efficientdet_lite4_detection_metadata_2,0.4196,NA
100,50,68.056202,53.0,52.0,0.0,1.36411,0.0,1.366589,efficientdet_lite4_detection_metadata_2,0.4196,NA
101,50,69.404896,53.5,52.0,86.3,1.348694,0.0,1.366589,efficientdet_lite4_detection_metadata_2,0.4196,NA
102,51,69.407403,53.5,52.0,0.0,1.348694,0.0,1.351201,efficientdet_lite4_detection_metadata_2,0.4196,NA
103,51,70.763416,53.5,52.0,85.8,1.356013,0.0,1.351201,efficientdet_lite4_detection_metadata_2,0.4196,NA
104,52,70.765974,53.5,52.0,0.0,1.356013,0.0,1.358571,efficientdet_lite4_detection_metadata_2,0.4196,NA
105,52,72.134747,54.0,52.0,85.9,1.368773,0.0,1.358571,efficientdet_lite4_detection_metadata_2,0.4196,NA
106,53,72.137369,54.0,52.0,100.0,1.368773,0.0,1.371395,efficientdet_lite4_detection_metadata_2,0.4196,NA
107,53,73.48829400000001,54.0,52.0,86.2,1.350925,0.0,1.371395,efficientdet_lite4_detection_metadata_2,0.4196,NA
108,54,73.490786,54.0,52.0,0.0,1.350925,0.0,1.353417,efficientdet_lite4_detection_metadata_2,0.4196,NA
109,54,74.842055,54.0,52.0,86.2,1.351269,0.0,1.353417,efficientdet_lite4_detection_metadata_2,0.4196,NA
110,55,74.844573,54.0,52.0,0.0,1.351269,0.0,1.353787,efficientdet_lite4_detection_metadata_2,0.4196,NA
111,55,76.20876299999999,54.0,52.0,85.9,1.36419,0.0,1.353787,efficientdet_lite4_detection_metadata_2,0.4196,NA
112,56,76.2113,54.0,52.0,0.0,1.36419,0.0,1.366727,efficientdet_lite4_detection_metadata_2,0.4196,NA
113,56,77.56362899999999,54.0,52.5,86.2,1.352329,0.0,1.366727,efficientdet_lite4_detection_metadata_2,0.4196,NA
114,57,77.56617299999999,54.0,52.5,0.0,1.352329,0.0,1.354873,efficientdet_lite4_detection_metadata_2,0.4196,NA
115,57,78.918146,54.0,52.0,85.9,1.351973,0.0,1.354873,efficientdet_lite4_detection_metadata_2,0.4196,NA
116,58,78.92071499999999,54.0,52.0,50.0,1.351973,0.0,1.354542,efficientdet_lite4_detection_metadata_2,0.4196,NA
117,58,80.28461999999999,53.5,52.5,85.6,1.363905,0.0,1.354542,efficientdet_lite4_detection_metadata_2,0.4196,NA
118,59,80.28709299999998,53.5,52.5,0.0,1.363905,0.0,1.366378,efficientdet_lite4_detection_metadata_2,0.4196,NA
119,59,81.64045899999998,53.5,52.5,86.0,1.353366,0.0,1.366378,efficientdet_lite4_detection_metadata_2,0.4196,NA
120,60,81.64299499999998,53.5,52.5,100.0,1.353366,0.0,1.355902,efficientdet_lite4_detection_metadata_2,0.4196,NA
121,60,83.00400599999999,54.0,52.5,85.7,1.361011,0.0,1.355902,efficientdet_lite4_detection_metadata_2,0.4196,NA
122,61,83.00655899999998,54.0,52.5,0.0,1.361011,0.0,1.363564,efficientdet_lite4_detection_metadata_2,0.4196,NA
123,61,84.36724799999998,54.0,53.0,85.9,1.360689,0.0,1.363564,efficientdet_lite4_detection_metadata_2,0.4196,NA
124,62,84.36980199999998,54.0,53.0,0.0,1.360689,0.0,1.363243,efficientdet_lite4_detection_metadata_2,0.4196,NA
125,62,85.72364899999998,56.0,52.5,86.1,1.353847,0.0,1.363243,efficientdet_lite3_detection_metadata_1,0.4196,NA
126,63,85.72618799999998,56.0,52.5,0.0,1.353847,0.7920809311915346,1.356386,efficientdet_lite3_detection_metadata_1,0.41107999999999995,NA
127,63,86.32311999999997,56.5,52.5,83.7,0.596932,0.7920809311915346,1.356386,efficientdet_lite2_detection_metadata_1,0.41107999999999995,NA
128,64,87.13080499999998,52.5,51.0,3.7,0.596932,1.0846701087842163,1.404617,efficientdet_lite2_detection_metadata_1,0.39509999999999995,NA
129,64,87.47135299999998,54.5,52.5,76.6,0.340548,1.0846701087842163,1.404617,efficientdet_lite3_detection_metadata_1,0.39509999999999995,NA
130,65,88.57215199999997,52.5,51.0,2.7,0.340548,0.8409626434981733,1.441347,efficientdet_lite3_detection_metadata_1,0.38658000000000003,NA
131,65,89.16785899999998,54.0,52.5,83.4,0.595707,0.8409626434981733,1.441347,efficientdet_lite4_detection_metadata_2,0.38658000000000003,NA
132,66,90.02424699999997,52.5,51.0,3.5,0.595707,0.0651104434981733,1.452095,efficientdet_lite4_detection_metadata_2,0.38658,NA
133,66,91.38375999999998,54.0,52.0,86.0,1.359513,0.0651104434981733,1.452095,efficientdet_lite4_detection_metadata_2,0.38658,NA
134,67,91.45234699999997,53.5,51.5,7.1,1.359513,0.0651104434981733,1.4281,efficientdet_lite4_detection_metadata_2,0.38658,NA
135,67,92.81787699999998,53.5,52.5,85.5,1.36553,0.0651104434981733,1.4281,efficientdet_lite4_detection_metadata_2,0.38658,NA
136,68,92.88630799999997,53.0,52.0,7.4,1.36553,0.04772590878421634,1.433961,efficientdet_lite4_detection_metadata_2,0.39509999999999995,NA
137,68,94.25668899999997,54.5,52.0,85.3,1.370381,0.04772590878421634,1.433961,efficientdet_lite4_detection_metadata_2,0.39509999999999995,NA
138,69,94.30756099999998,53.5,52.0,9.5,1.370381,0.016228731191534562,1.421253,efficientdet_lite4_detection_metadata_2,0.41107999999999995,NA
139,69,95.65799399999997,55.5,52.5,86.2,1.350433,0.016228731191534562,1.421253,efficientdet_lite3_detection_metadata_1,0.41107999999999995,NA
140,70,95.68070299999998,54.0,52.0,0.0,1.350433,0.7920809311915346,1.373142,efficientdet_lite3_detection_metadata_1,0.41107999999999995,NA
141,70,96.27302299999998,55.0,52.5,84.0,0.59232,0.7920809311915346,1.373142,efficientdet_lite4_detection_metadata_2,0.41107999999999995,NA
142,71,97.06911699999998,53.0,51.0,4.1,0.59232,0.016228731191534562,1.388414,efficientdet_lite4_detection_metadata_2,0.41107999999999995,NA
143,71,98.43528599999998,54.5,52.0,85.3,1.366169,0.016228731191534562,1.388414,efficientdet_lite4_detection_metadata_2,0.41107999999999995,NA
144,72,98.45408899999998,54.5,52.0,0.0,1.366169,0.016228731191534562,1.384972,efficientdet_lite4_detection_metadata_2,0.41107999999999995,NA
145,72,99.81334999999999,54.0,52.5,86.0,1.359261,0.016228731191534562,1.384972,efficientdet_lite4_detection_metadata_2,0.41107999999999995,NA
146,73,99.83219099999998,54.0,52.5,0.0,1.359261,0.016228731191534562,1.378102,efficientdet_lite4_detection_metadata_2,0.41107999999999995,NA
147,73,101.18456099999997,54.0,52.5,86.3,1.35237,0.016228731191534562,1.378102,efficientdet_lite4_detection_metadata_2,0.41107999999999995,NA
148,74,101.20491199999998,53.5,52.5,12.5,1.35237,0.016228731191534562,1.372721,efficientdet_lite4_detection_metadata_2,0.41107999999999995,NA
149,74,102.56083899999997,54.0,52.5,86.2,1.355927,0.016228731191534562,1.372721,efficientdet_lite4_detection_metadata_2,0.41107999999999995,NA
150,75,102.58290199999998,54.0,52.5,11.1,1.355927,0.0,1.37799,efficientdet_lite4_detection_metadata_2,0.4196,NA
151,75,103.94006099999997,54.0,53.0,86.0,1.357159,0.0,1.37799,efficientdet_lite4_detection_metadata_2,0.4196,NA
152,76,103.94263299999997,54.0,53.0,0.0,1.357159,0.0,1.359731,efficientdet_lite4_detection_metadata_2,0.4196,NA
153,76,105.30139299999998,54.0,52.5,86.2,1.35876,0.0,1.359731,efficientdet_lite4_detection_metadata_2,0.4196,NA
154,77,105.30385799999998,54.0,52.5,0.0,1.35876,0.0,1.361225,efficientdet_lite4_detection_metadata_2,0.4196,NA
155,77,106.66295999999997,54.0,53.0,85.8,1.359102,0.0,1.361225,efficientdet_lite4_detection_metadata_2,0.4196,NA
156,78,106.66552299999998,54.0,53.0,50.0,1.359102,0.0,1.361665,efficientdet_lite4_detection_metadata_2,0.4196,NA
157,78,108.02051199999998,54.0,53.0,86.0,1.354989,0.0,1.361665,efficientdet_lite4_detection_metadata_2,0.4196,NA
158,79,108.02298899999998,54.0,53.0,0.0,1.354989,0.0,1.357466,efficientdet_lite4_detection_metadata_2,0.4196,NA
159,79,109.38009399999999,55.0,52.5,86.2,1.357105,0.0,1.357466,efficientdet_lite4_detection_metadata_2,0.4196,NA
160,80,109.38269399999999,55.0,52.5,50.0,1.357105,0.0,1.359705,efficientdet_lite4_detection_metadata_2,0.4196,NA
161,80,110.72971799999999,55.0,52.5,86.2,1.347024,0.0,1.359705,efficientdet_lite4_detection_metadata_2,0.4196,NA
162,81,110.73219199999998,55.0,52.5,0.0,1.347024,0.0,1.349498,efficientdet_lite4_detection_metadata_2,0.4196,NA
163,81,112.08729599999998,54.5,52.5,86.1,1.355104,0.0,1.349498,efficientdet_lite4_detection_metadata_2,0.4196,NA
164,82,112.08987799999998,54.5,52.5,0.0,1.355104,0.0,1.357686,efficientdet_lite4_detection_metadata_2,0.4196,NA
165,82,113.44263799999999,54.5,52.5,86.2,1.35276,0.0,1.357686,efficientdet_lite4_detection_metadata_2,0.4196,NA
166,83,113.44520799999998,54.5,52.5,0.0,1.35276,0.0,1.35533,efficientdet_lite4_detection_metadata_2,0.4196,NA
167,83,114.80721599999998,55.0,53.0,85.7,1.362008,0.0,1.35533,efficientdet_lite4_detection_metadata_2,0.4196,NA
168,84,114.80975299999999,55.0,53.0,0.0,1.362008,0.0,1.364545,efficientdet_lite4_detection_metadata_2,0.4196,NA
169,84,116.17619699999999,54.5,52.5,85.6,1.366444,0.0,1.364545,efficientdet_lite4_detection_metadata_2,0.4196,NA
170,85,116.17869099999999,54.5,52.5,0.0,1.366444,0.0,1.368938,efficientdet_lite4_detection_metadata_2,0.4196,NA
171,85,117.53014299999998,54.5,53.0,86.1,1.351452,0.0,1.368938,efficientdet_lite4_detection_metadata_2,0.4196,NA
172,86,117.53262399999998,54.5,53.0,0.0,1.351452,0.0,1.353933,efficientdet_lite4_detection_metadata_2,0.4196,NA
173,86,118.88647299999998,54.5,53.0,86.2,1.353849,0.0,1.353933,efficientdet_lite4_detection_metadata_2,0.4196,NA
174,87,118.88894399999998,54.5,53.0,0.0,1.353849,0.0,1.35632,efficientdet_lite4_detection_metadata_2,0.4196,NA
175,87,120.24886599999998,54.0,53.0,86.1,1.359922,0.0,1.35632,efficientdet_lite4_detection_metadata_2,0.4196,NA
176,88,120.25135599999999,54.0,53.0,0.0,1.359922,0.0,1.362412,efficientdet_lite4_detection_metadata_2,0.4196,NA
177,88,121.60394799999999,54.5,53.0,86.2,1.352592,0.0,1.362412,efficientdet_lite4_detection_metadata_2,0.4196,NA
178,89,121.606479,54.5,53.0,0.0,1.352592,0.0,1.355123,efficientdet_lite4_detection_metadata_2,0.4196,NA
179,89,122.96283799999999,54.5,53.5,86.0,1.356359,0.0,1.355123,efficientdet_lite4_detection_metadata_2,0.4196,NA
180,90,122.96536599999999,54.5,53.5,0.0,1.356359,0.0,1.358887,efficientdet_lite4_detection_metadata_2,0.4196,NA
181,90,124.317134,54.5,53.0,86.3,1.351768,0.0,1.358887,efficientdet_lite4_detection_metadata_2,0.4196,NA
182,91,124.31970799999999,54.5,53.0,0.0,1.351768,0.0,1.354342,efficientdet_lite4_detection_metadata_2,0.4196,NA
183,91,125.675001,54.5,53.5,86.0,1.355293,0.0,1.354342,efficientdet_lite4_detection_metadata_2,0.4196,NA
184,92,125.677488,54.5,53.5,0.0,1.355293,0.0,1.35778,efficientdet_lite4_detection_metadata_2,0.4196,NA
185,92,127.034167,55.0,53.0,85.9,1.356679,0.0,1.35778,efficientdet_lite4_detection_metadata_2,0.4196,NA
186,93,127.036627,55.0,53.0,0.0,1.356679,0.0,1.359139,efficientdet_lite4_detection_metadata_2,0.4196,NA
187,93,128.39359,55.0,53.0,86.0,1.356963,0.0,1.359139,efficientdet_lite4_detection_metadata_2,0.4196,NA
188,94,128.39605899999998,55.0,53.5,0.0,1.356963,0.0,1.359432,efficientdet_lite4_detection_metadata_2,0.4196,NA
189,94,129.74946699999998,54.5,53.5,86.0,1.353408,0.0,1.359432,efficientdet_lite4_detection_metadata_2,0.4196,NA
190,95,129.75194199999999,54.5,53.5,0.0,1.353408,0.0,1.355883,efficientdet_lite4_detection_metadata_2,0.4196,NA
191,95,131.10735499999998,55.0,53.5,86.0,1.355413,0.0,1.355883,efficientdet_lite4_detection_metadata_2,0.4196,NA
192,96,131.10984,55.0,53.5,0.0,1.355413,0.0,1.357898,efficientdet_lite4_detection_metadata_2,0.4196,NA
193,96,132.479207,55.0,53.5,85.8,1.369367,0.0,1.357898,efficientdet_lite4_detection_metadata_2,0.4196,NA
194,97,132.481688,55.0,53.5,0.0,1.369367,0.0,1.371848,efficientdet_lite4_detection_metadata_2,0.4196,NA
195,97,133.8373,55.0,53.5,86.2,1.355612,0.0,1.371848,efficientdet_lite4_detection_metadata_2,0.4196,NA
196,98,133.839833,55.0,53.5,0.0,1.355612,0.0,1.358145,efficientdet_lite4_detection_metadata_2,0.4196,NA
197,98,135.201801,54.5,53.5,85.8,1.361968,0.0,1.358145,efficientdet_lite4_detection_metadata_2,0.4196,NA
198,99,135.204309,54.5,53.5,0.0,1.361968,0.0,1.364476,efficientdet_lite4_detection_metadata_2,0.4196,NA
199,99,136.55780099999998,55.0,53.5,86.2,1.353492,0.0,1.364476,efficientdet_lite4_detection_metadata_2,0.4196,NA
200,100,136.560297,55.0,53.5,0.0,1.353492,0.0,1.355988,efficientdet_lite4_detection_metadata_2,0.4196,NA
201,100,137.913726,55.5,53.0,86.1,1.353429,0.0,1.355988,efficientdet_lite3_detection_metadata_1,0.4196,NA
202,101,137.916274,55.5,53.0,0.0,1.353429,0.7920809311915346,1.355977,efficientdet_lite3_detection_metadata_1,0.41107999999999995,NA
203,101,138.52594499999998,56.0,53.5,83.7,0.609671,0.7920809311915346,1.355977,efficientdet_lite2_detection_metadata_1,0.41107999999999995,NA
204,102,139.33290799999997,53.5,52.5,3.4,0.609671,1.0846701087842163,1.416634,efficientdet_lite2_detection_metadata_1,0.39509999999999995,NA
205,102,139.67143899999996,57.5,53.5,77.2,0.338531,1.0846701087842163,1.416634,efficientdet_lite1_detection_metadata_1,0.39509999999999995,NA
206,103,140.77179199999998,54.0,52.5,3.2,0.338531,1.2451589194852377,1.438884,efficientdet_lite1_detection_metadata_1,0.37228,NA
207,103,140.99321799999998,58.0,53.5,74.4,0.221426,1.2451589194852377,1.438884,efficientdet_lite0_detection_metadata_1,0.37228,NA
208,104,142.25558299999997,54.0,52.5,3.6,0.221426,1.4047397722666788,1.483791,efficientdet_lite0_detection_metadata_1,0.33974000000000004,NA
209,104,142.38380799999996,57.5,53.0,68.0,0.128225,1.4047397722666788,1.483791,efficientdet_lite0_detection_metadata_1,0.33974000000000004,NA
210,105,143.80559599999998,53.5,52.5,3.2,0.128225,1.4860787021541013,1.550013,efficientdet_lite0_detection_metadata_1,0.30720000000000003,NA
211,105,143.93612,57.5,53.0,67.3,0.130524,1.4860787021541013,1.550013,efficientdet_lite0_detection_metadata_1,0.30720000000000003,NA
212,106,145.43863899999997,53.5,52.5,3.2,0.130524,1.5518529137557489,1.633043,efficientdet_lite0_detection_metadata_1,0.28318000000000004,NA
213,106,145.57033399999997,57.0,53.5,66.0,0.131695,1.5518529137557489,1.633043,efficientdet_lite0_detection_metadata_1,0.28318000000000004,NA
214,107,147.13643299999995,53.5,52.5,2.9,0.131695,1.6003948380866049,1.697794,efficientdet_lite0_detection_metadata_1,0.26661999999999997,NA
215,107,147.26892399999994,55.5,53.0,68.5,0.132491,1.6003948380866049,1.697794,efficientdet_lite0_detection_metadata_1,0.26661999999999997,NA
216,108,148.88573599999995,53.0,52.5,2.5,0.132491,3.330604267976056,1.749303,efficientdet_lite0_detection_metadata_1,0.2569,NA
217,108,149.01671399999995,55.5,52.5,66.7,0.130978,3.330604267976056,1.749303,efficientdet_lite0_detection_metadata_1,0.2569,NA
218,109,152.36375199999995,53.0,52.5,2.8,0.130978,5.060813697865507,3.478016,efficientdet_lite0_detection_metadata_1,0.2569,NA
219,109,152.49611299999995,55.0,53.0,69.1,0.132361,5.060813697865507,3.478016,efficientdet_lite1_detection_metadata_1,0.2569,NA
220,110,157.57600499999995,52.5,52.5,3.1,0.132361,1.5143856380866048,5.212253,efficientdet_lite1_detection_metadata_1,0.26661999999999997,NA
221,110,157.79680899999994,54.5,52.5,73.9,0.220804,1.5143856380866048,5.212253,efficientdet_lite2_detection_metadata_1,0.26661999999999997,NA
222,111,159.32815299999996,52.5,52.5,2.3,0.220804,1.3528947137557488,1.752148,efficientdet_lite2_detection_metadata_1,0.28318000000000004,NA
223,111,159.66339699999995,54.0,52.5,78.2,0.335244,1.3528947137557488,1.752148,efficientdet_lite3_detection_metadata_1,0.28318000000000004,NA
224,112,161.03299999999996,52.5,52.5,2.6,0.335244,1.0260285021541011,1.704847,efficientdet_lite3_detection_metadata_1,0.30720000000000003,NA
225,112,161.62933699999996,54.0,52.5,83.1,0.596337,1.0260285021541011,1.704847,efficientdet_lite4_detection_metadata_2,0.30720000000000003,NA
226,113,162.67055399999995,52.5,52.5,3.1,0.596337,0.16883737226667894,1.637554,efficientdet_lite4_detection_metadata_2,0.33973999999999993,NA
227,113,164.04086499999994,53.5,52.5,85.4,1.370311,0.16883737226667894,1.637554,efficientdet_lite4_detection_metadata_2,0.33973999999999993,NA
228,114,164.22358899999995,53.0,52.5,2.8,1.370311,0.09526571948523799,1.553035,efficientdet_lite4_detection_metadata_2,0.37227999999999994,NA
229,114,165.59445299999996,53.5,52.5,85.5,1.370864,0.09526571948523799,1.553035,efficientdet_lite4_detection_metadata_2,0.37227999999999994,NA
230,115,165.69445499999995,53.0,52.5,7.1,1.370864,0.04772590878421634,1.470866,efficientdet_lite4_detection_metadata_2,0.39509999999999995,NA
231,115,167.06486999999996,53.5,52.5,85.0,1.370415,0.04772590878421634,1.470866,efficientdet_lite4_detection_metadata_2,0.39509999999999995,NA
232,116,167.11529299999995,53.5,52.5,0.0,1.370415,0.016228731191534562,1.420838,efficientdet_lite4_detection_metadata_2,0.41107999999999995,NA
233,116,168.46569599999995,54.0,53.0,86.2,1.350403,0.016228731191534562,1.420838,efficientdet_lite4_detection_metadata_2,0.41107999999999995,NA
234,117,168.48545499999994,53.5,52.5,25.0,1.350403,0.0,1.370162,efficientdet_lite4_detection_metadata_2,0.4196,NA
235,117,169.84682899999996,53.5,52.5,85.8,1.361374,0.0,1.370162,efficientdet_lite4_detection_metadata_2,0.4196,NA
236,118,169.84930999999995,53.5,52.5,0.0,1.361374,0.0,1.363855,efficientdet_lite4_detection_metadata_2,0.4196,NA
237,118,171.20047499999995,54.0,52.5,86.1,1.351165,0.0,1.363855,efficientdet_lite4_detection_metadata_2,0.4196,NA
238,119,171.20302999999996,54.0,52.5,100.0,1.351165,0.0,1.35372,efficientdet_lite4_detection_metadata_2,0.4196,NA
239,119,172.56574299999997,54.0,52.5,85.7,1.362713,0.0,1.35372,efficientdet_lite4_detection_metadata_2,0.4196,NA
240,120,172.56821699999995,54.0,52.5,0.0,1.362713,0.0,1.365187,efficientdet_lite4_detection_metadata_2,0.4196,NA
241,120,173.93087699999995,54.5,52.5,85.7,1.36266,0.0,1.365187,efficientdet_lite4_detection_metadata_2,0.4196,NA
242,121,173.93344099999996,54.5,52.5,50.0,1.36266,0.0,1.365224,efficientdet_lite4_detection_metadata_2,0.4196,NA
243,121,175.29130999999995,54.5,52.5,85.8,1.357869,0.0,1.365224,efficientdet_lite4_detection_metadata_2,0.4196,NA
244,122,175.29385399999995,54.5,52.5,50.0,1.357869,0.0,1.360413,efficientdet_lite4_detection_metadata_2,0.4196,NA
245,122,176.64700099999996,54.0,52.5,86.2,1.353147,0.0,1.360413,efficientdet_lite4_detection_metadata_2,0.4196,NA
246,123,176.64954499999996,54.0,52.5,0.0,1.353147,0.0,1.355691,efficientdet_lite4_detection_metadata_2,0.4196,NA
247,123,178.01104699999996,54.5,53.0,85.6,1.361502,0.0,1.355691,efficientdet_lite4_detection_metadata_2,0.4196,NA
248,124,178.01351999999997,54.5,53.0,0.0,1.361502,0.0,1.363975,efficientdet_lite4_detection_metadata_2,0.4196,NA
249,124,179.37242399999997,56.0,52.5,85.8,1.358904,0.0,1.363975,efficientdet_lite3_detection_metadata_1,0.4196,NA
250,125,179.37498899999997,56.0,52.5,100.0,1.358904,0.7920809311915346,1.361469,efficientdet_lite3_detection_metadata_1,0.41107999999999995,NA
251,125,179.96528699999996,55.5,52.5,83.8,0.590298,0.7920809311915346,1.361469,efficientdet_lite2_detection_metadata_1,0.41107999999999995,NA
252,126,180.77574799999996,53.5,52.5,4.6,0.590298,1.0846701087842163,1.400759,efficientdet_lite2_detection_metadata_1,0.39509999999999995,NA
253,126,181.11629799999997,55.0,52.5,76.6,0.34055,1.0846701087842163,1.400759,efficientdet_lite3_detection_metadata_1,0.39509999999999995,NA
254,127,182.21869499999997,53.0,52.5,3.2,0.34055,0.8409626434981733,1.442947,efficientdet_lite3_detection_metadata_1,0.38658000000000003,NA
255,127,182.81484599999996,54.0,52.5,82.8,0.596151,0.8409626434981733,1.442947,efficientdet_lite4_detection_metadata_2,0.38658000000000003,NA
256,128,183.66963899999996,53.0,52.5,2.7,0.596151,0.0651104434981733,1.450944,efficientdet_lite4_detection_metadata_2,0.38658,NA
257,128,185.02319099999997,54.0,52.5,86.0,1.353552,0.0651104434981733,1.450944,efficientdet_lite4_detection_metadata_2,0.38658,NA
258,129,185.09325399999997,53.5,52.5,6.9,1.353552,0.0651104434981733,1.423615,efficientdet_lite4_detection_metadata_2,0.38658,NA
259,129,186.46299399999998,54.0,52.5,85.4,1.36974,0.0651104434981733,1.423615,efficientdet_lite4_detection_metadata_2,0.38658,NA
260,130,186.53299699999997,54.0,52.5,3.7,1.36974,0.04772590878421634,1.439743,efficientdet_lite4_detection_metadata_2,0.39509999999999995,NA
261,130,187.89133199999998,54.0,52.5,85.9,1.358335,0.04772590878421634,1.439743,efficientdet_lite4_detection_metadata_2,0.39509999999999995,NA
262,131,187.94183599999997,54.0,52.5,9.5,1.358335,0.016228731191534562,1.408839,efficientdet_lite4_detection_metadata_2,0.41107999999999995,NA
263,131,189.29414799999998,54.5,52.5,86.2,1.352312,0.016228731191534562,1.408839,efficientdet_lite4_detection_metadata_2,0.41107999999999995,NA
264,132,189.31389699999997,54.5,52.5,12.5,1.352312,0.0,1.372061,efficientdet_lite4_detection_metadata_2,0.4196,NA
265,132,190.67428399999997,56.0,52.5,85.8,1.360387,0.0,1.372061,efficientdet_lite3_detection_metadata_1,0.4196,NA
266,133,190.67682799999997,56.0,52.5,0.0,1.360387,0.7920809311915346,1.362931,efficientdet_lite3_detection_metadata_1,0.41107999999999995,NA
267,133,191.28701199999998,56.5,51.0,82.6,0.610184,0.7920809311915346,1.362931,efficientdet_lite2_detection_metadata_1,0.41107999999999995,NA
268,134,192.09401999999997,53.5,51.5,3.4,0.610184,1.0846701087842163,1.417192,efficientdet_lite2_detection_metadata_1,0.39509999999999995,NA
269,134,192.43698299999997,57.0,52.5,76.8,0.342963,1.0846701087842163,1.417192,efficientdet_lite1_detection_metadata_1,0.39509999999999995,NA
270,135,193.53563799999998,53.0,51.0,2.7,0.342963,1.2451589194852377,1.441618,efficientdet_lite1_detection_metadata_1,0.37228,NA
271,135,193.76028699999998,57.0,52.5,74.7,0.224649,1.2451589194852377,1.441618,efficientdet_lite0_detection_metadata_1,0.37228,NA
272,136,195.02076799999998,53.0,51.0,2.2,0.224649,1.4047397722666788,1.48513,efficientdet_lite0_detection_metadata_1,0.33974000000000004,NA
273,136,195.15209599999997,57.0,52.0,67.3,0.131328,1.4047397722666788,1.48513,efficientdet_lite0_detection_metadata_1,0.33974000000000004,NA
274,137,196.57309999999998,53.0,50.5,3.0,0.131328,1.4860787021541013,1.552332,efficientdet_lite0_detection_metadata_1,0.30720000000000003,NA
275,137,196.703647,56.5,52.0,68.6,0.130547,1.4860787021541013,1.552332,efficientdet_lite0_detection_metadata_1,0.30720000000000003,NA
276,138,198.206043,53.0,50.5,2.3,0.130547,1.5518529137557489,1.632943,efficientdet_lite0_detection_metadata_1,0.28318000000000004,NA
277,138,198.337135,56.5,52.0,67.3,0.131092,1.5518529137557489,1.632943,efficientdet_lite0_detection_metadata_1,0.28318000000000004,NA
278,139,199.906351,52.5,50.5,3.6,0.131092,1.6003948380866049,1.700308,efficientdet_lite0_detection_metadata_1,0.26661999999999997,NA
279,139,200.037812,56.5,51.5,66.7,0.131461,1.6003948380866049,1.700308,efficientdet_lite0_detection_metadata_1,0.26661999999999997,NA
280,140,201.652977,52.5,50.5,2.8,0.131461,3.530604267976056,1.746626,efficientdet_lite0_detection_metadata_1,0.2569,NA
281,140,201.787935,54.5,52.0,67.9,0.134958,3.530604267976056,1.746626,efficientdet_lite1_detection_metadata_1,0.2569,NA
282,141,205.336954,52.5,50.5,3.0,0.134958,1.5143856380866048,3.683977,efficientdet_lite1_detection_metadata_1,0.26661999999999997,NA
283,141,205.559303,54.0,52.0,73.9,0.222349,1.5143856380866048,3.683977,efficientdet_lite2_detection_metadata_1,0.26661999999999997,NA
284,142,207.089801,52.0,50.5,3.4,0.222349,1.3528947137557488,1.752847,efficientdet_lite2_detection_metadata_1,0.28318000000000004,NA
285,142,207.423225,53.5,52.0,78.4,0.333424,1.3528947137557488,1.752847,efficientdet_lite3_detection_metadata_1,0.28318000000000004,NA
286,143,208.791216,52.0,50.5,3.5,0.333424,1.0260285021541011,1.701415,efficientdet_lite3_detection_metadata_1,0.30720000000000003,NA
287,143,209.385437,53.5,51.5,83.6,0.594221,1.0260285021541011,1.701415,efficientdet_lite4_detection_metadata_2,0.30720000000000003,NA
288,144,210.42508099999998,52.5,50.5,2.7,0.594221,0.16883737226667894,1.633865,efficientdet_lite4_detection_metadata_2,0.33973999999999993,NA
289,144,211.78480199999998,53.0,51.5,86.1,1.359721,0.16883737226667894,1.633865,efficientdet_lite4_detection_metadata_2,0.33973999999999993,NA
290,145,211.96497699999998,53.0,51.0,5.6,1.359721,0.09526571948523799,1.539896,efficientdet_lite4_detection_metadata_2,0.37227999999999994,NA
291,145,213.32146199999997,53.0,51.5,85.7,1.356485,0.09526571948523799,1.539896,efficientdet_lite4_detection_metadata_2,0.37227999999999994,NA
292,146,213.42145799999997,53.0,51.0,7.3,1.356485,0.04772590878421634,1.456481,efficientdet_lite4_detection_metadata_2,0.39509999999999995,NA
293,146,214.78091799999999,53.5,51.5,85.8,1.35946,0.04772590878421634,1.456481,efficientdet_lite4_detection_metadata_2,0.39509999999999995,NA
294,147,214.83143099999998,53.5,51.5,0.0,1.35946,0.016228731191534562,1.409973,efficientdet_lite4_detection_metadata_2,0.41107999999999995,NA
295,147,216.18361499999997,53.5,51.5,86.2,1.352184,0.016228731191534562,1.409973,efficientdet_lite4_detection_metadata_2,0.41107999999999995,NA
296,148,216.203533,53.5,51.5,14.3,1.352184,0.0,1.372102,efficientdet_lite4_detection_metadata_2,0.4196,NA
297,148,217.557635,53.5,52.0,86.0,1.354102,0.0,1.372102,efficientdet_lite4_detection_metadata_2,0.4196,NA
298,149,217.560114,53.5,52.0,0.0,1.354102,0.0,1.356581,efficientdet_lite4_detection_metadata_2,0.4196,NA
299,149,218.923538,54.0,51.5,85.6,1.363424,0.0,1.356581,efficientdet_lite4_detection_metadata_2,0.4196,NA
300,150,218.926076,54.0,51.5,0.0,1.363424,0.0,1.365962,efficientdet_lite4_detection_metadata_2,0.4196,NA
301,150,220.27767,54.0,51.5,86.1,1.351594,0.0,1.365962,efficientdet_lite4_detection_metadata_2,0.4196,NA
302,151,220.280157,54.0,51.5,100.0,1.351594,0.0,1.354081,efficientdet_lite4_detection_metadata_2,0.4196,NA
303,151,221.63621700000002,54.0,52.0,86.0,1.35606,0.0,1.354081,efficientdet_lite4_detection_metadata_2,0.4196,NA
304,152,221.638698,54.0,52.0,0.0,1.35606,0.0,1.358541,efficientdet_lite4_detection_metadata_2,0.4196,NA
305,152,222.997232,54.0,52.0,86.1,1.358534,0.0,1.358541,efficientdet_lite4_detection_metadata_2,0.4196,NA
306,153,222.999798,54.0,52.0,0.0,1.358534,0.0,1.3611,efficientdet_lite4_detection_metadata_2,0.4196,NA
307,153,224.350818,54.0,52.0,86.1,1.35102,0.0,1.3611,efficientdet_lite4_detection_metadata_2,0.4196,NA
308,154,224.353303,54.0,52.0,0.0,1.35102,0.0,1.353505,efficientdet_lite4_detection_metadata_2,0.4196,NA
309,154,225.71001,54.0,52.0,86.0,1.356707,0.0,1.353505,efficientdet_lite4_detection_metadata_2,0.4196,NA
310,155,225.7125,54.0,52.0,0.0,1.356707,0.0,1.359197,efficientdet_lite4_detection_metadata_2,0.4196,NA
311,155,227.06897,53.5,52.0,86.1,1.35647,0.0,1.359197,efficientdet_lite4_detection_metadata_2,0.4196,NA
312,156,227.071444,53.5,52.0,0.0,1.35647,0.0,1.358944,efficientdet_lite4_detection_metadata_2,0.4196,NA
313,156,228.427738,53.5,52.0,86.0,1.356294,0.0,1.358944,efficientdet_lite4_detection_metadata_2,0.4196,NA
314,157,228.43027500000002,53.5,52.0,0.0,1.356294,0.0,1.358831,efficientdet_lite4_detection_metadata_2,0.4196,NA
315,157,229.78012800000002,53.5,52.0,86.1,1.349853,0.0,1.358831,efficientdet_lite4_detection_metadata_2,0.4196,NA
316,158,229.78263200000004,53.5,52.0,0.0,1.349853,0.0,1.352357,efficientdet_lite4_detection_metadata_2,0.4196,NA
317,158,231.14138200000002,54.0,52.5,85.7,1.35875,0.0,1.352357,efficientdet_lite4_detection_metadata_2,0.4196,NA
318,159,231.14391800000004,54.0,52.5,100.0,1.35875,0.0,1.361286,efficientdet_lite4_detection_metadata_2,0.4196,NA
319,159,232.50427900000005,54.5,52.0,85.7,1.360361,0.0,1.361286,efficientdet_lite4_detection_metadata_2,0.4196,NA
320,160,232.50682200000003,54.5,52.0,0.0,1.360361,0.0,1.362904,efficientdet_lite4_detection_metadata_2,0.4196,NA
321,160,233.85871300000002,54.5,52.5,86.1,1.351891,0.0,1.362904,efficientdet_lite4_detection_metadata_2,0.4196,NA
322,161,233.86119900000003,54.5,52.5,0.0,1.351891,0.0,1.354377,efficientdet_lite4_detection_metadata_2,0.4196,NA
323,161,235.22042700000003,54.0,53.0,86.1,1.359228,0.0,1.354377,efficientdet_lite4_detection_metadata_2,0.4196,NA
324,162,235.22294100000002,54.0,53.0,0.0,1.359228,0.0,1.361742,efficientdet_lite4_detection_metadata_2,0.4196,NA
325,162,236.57646100000002,53.5,52.5,86.2,1.35352,0.0,1.361742,efficientdet_lite4_detection_metadata_2,0.4196,NA
326,163,236.57894100000001,53.5,52.5,0.0,1.35352,0.0,1.356,efficientdet_lite4_detection_metadata_2,0.4196,NA
327,163,237.93158400000002,54.0,53.0,86.1,1.352643,0.0,1.356,efficientdet_lite4_detection_metadata_2,0.4196,NA
328,164,237.93438700000002,54.0,53.0,0.0,1.352643,0.0,1.355446,efficientdet_lite4_detection_metadata_2,0.4196,NA
329,164,239.29356,54.0,52.5,86.0,1.359173,0.0,1.355446,efficientdet_lite4_detection_metadata_2,0.4196,NA
330,165,239.296086,54.0,52.5,0.0,1.359173,0.0,1.361699,efficientdet_lite4_detection_metadata_2,0.4196,NA
331,165,240.651164,54.0,53.0,86.0,1.355078,0.0,1.361699,efficientdet_lite4_detection_metadata_2,0.4196,NA
332,166,240.653648,54.0,53.0,100.0,1.355078,0.0,1.357562,efficientdet_lite4_detection_metadata_2,0.4196,NA
333,166,242.01682,56.5,52.5,85.7,1.363172,0.0,1.357562,efficientdet_lite3_detection_metadata_1,0.4196,NA
334,167,242.019343,56.5,52.5,0.0,1.363172,0.7920809311915346,1.365695,efficientdet_lite3_detection_metadata_1,0.41107999999999995,NA
335,167,242.61584399999998,56.5,52.5,82.5,0.596501,0.7920809311915346,1.365695,efficientdet_lite2_detection_metadata_1,0.41107999999999995,NA
336,168,243.42325,53.5,51.0,2.5,0.596501,1.0846701087842163,1.403907,efficientdet_lite2_detection_metadata_1,0.39509999999999995,NA
337,168,243.765979,54.5,53.0,76.8,0.342729,1.0846701087842163,1.403907,efficientdet_lite3_detection_metadata_1,0.39509999999999995,NA
338,169,244.865163,53.0,51.0,2.3,0.342729,0.8409626434981733,1.441913,efficientdet_lite3_detection_metadata_1,0.38658000000000003,NA
339,169,245.459791,54.0,52.5,83.3,0.594628,0.8409626434981733,1.441913,efficientdet_lite4_detection_metadata_2,0.38658000000000003,NA
340,170,246.314828,53.0,51.0,2.9,0.594628,0.0651104434981733,1.449665,efficientdet_lite4_detection_metadata_2,0.38658,NA
341,170,247.672708,54.0,52.5,85.9,1.35788,0.0651104434981733,1.449665,efficientdet_lite4_detection_metadata_2,0.38658,NA
342,171,247.741249,53.5,52.0,10.3,1.35788,0.0651104434981733,1.426421,efficientdet_lite4_detection_metadata_2,0.38658,NA
343,171,249.095288,54.0,52.5,86.1,1.354039,0.0651104434981733,1.426421,efficientdet_lite4_detection_metadata_2,0.38658,NA
344,172,249.16530600000002,53.5,52.0,0.0,1.354039,0.04772590878421634,1.424057,efficientdet_lite4_detection_metadata_2,0.39509999999999995,NA
345,172,250.52445600000001,54.0,53.0,85.8,1.35915,0.04772590878421634,1.424057,efficientdet_lite4_detection_metadata_2,0.39509999999999995,NA
346,173,250.576638,54.0,52.5,0.0,1.35915,0.016228731191534562,1.411332,efficientdet_lite4_detection_metadata_2,0.41107999999999995,NA
347,173,251.942464,55.0,52.5,85.8,1.365826,0.016228731191534562,1.411332,efficientdet_lite4_detection_metadata_2,0.41107999999999995,NA
348,174,251.964732,54.5,52.5,22.2,1.365826,0.0,1.388094,efficientdet_lite4_detection_metadata_2,0.4196,NA
349,174,253.31939,56.0,52.5,85.9,1.354658,0.0,1.388094,efficientdet_lite3_detection_metadata_1,0.4196,NA
350,175,253.321945,56.0,52.5,50.0,1.354658,0.7920809311915346,1.357213,efficientdet_lite3_detection_metadata_1,0.41107999999999995,NA
351,175,253.925253,56.5,53.0,82.8,0.603308,0.7920809311915346,1.357213,efficientdet_lite2_detection_metadata_1,0.41107999999999995,NA
352,176,254.732135,53.5,51.5,4.0,0.603308,1.0846701087842163,1.41019,efficientdet_lite2_detection_metadata_1,0.39509999999999995,NA
353,176,255.073773,55.5,52.5,76.6,0.341638,1.0846701087842163,1.41019,efficientdet_lite1_detection_metadata_1,0.39509999999999995,NA
354,177,256.17449799999997,53.5,51.5,2.7,0.341638,1.2451589194852377,1.442363,efficientdet_lite1_detection_metadata_1,0.37228,NA
355,177,256.40390499999995,56.5,53.0,72.2,0.229407,1.2451589194852377,1.442363,efficientdet_lite0_detection_metadata_1,0.37228,NA
356,178,257.66426299999995,53.0,51.5,3.4,0.229407,1.4047397722666788,1.489765,efficientdet_lite0_detection_metadata_1,0.33974000000000004,NA
357,178,257.80175499999996,55.5,52.5,65.5,0.137492,1.4047397722666788,1.489765,efficientdet_lite0_detection_metadata_1,0.33974000000000004,NA
358,179,259.22325599999994,52.5,51.5,3.0,0.137492,1.4860787021541013,1.558993,efficientdet_lite0_detection_metadata_1,0.30720000000000003,NA
359,179,259.35457999999994,55.5,52.5,67.3,0.131324,1.4860787021541013,1.558993,efficientdet_lite0_detection_metadata_1,0.30720000000000003,NA
360,180,260.8563199999999,52.5,51.5,4.0,0.131324,1.5518529137557489,1.633064,efficientdet_lite0_detection_metadata_1,0.28318000000000004,NA
361,180,260.9871509999999,55.0,52.0,67.9,0.130831,1.5518529137557489,1.633064,efficientdet_lite1_detection_metadata_1,0.28318000000000004,NA
362,181,262.5561219999999,52.5,51.5,2.4,0.130831,1.4855608305118961,1.699802,efficientdet_lite1_detection_metadata_1,0.27634,NA
363,181,262.7781449999999,54.5,52.0,74.2,0.222023,1.4855608305118961,1.699802,efficientdet_lite2_detection_metadata_1,0.27634,NA
364,182,264.2783069999999,52.5,51.5,3.7,0.222023,1.3528947137557488,1.722185,efficientdet_lite2_detection_metadata_1,0.28318000000000004,NA
365,182,264.6104219999999,54.0,52.0,77.4,0.332115,1.3528947137557488,1.722185,efficientdet_lite3_detection_metadata_1,0.28318000000000004,NA
366,183,265.97870499999993,52.5,51.5,2.6,0.332115,1.0260285021541011,1.700398,efficientdet_lite3_detection_metadata_1,0.30720000000000003,NA
367,183,266.57534899999996,54.5,52.0,83.4,0.596644,1.0260285021541011,1.700398,efficientdet_lite4_detection_metadata_2,0.30720000000000003,NA
368,184,267.6158229999999,52.5,51.5,3.1,0.596644,0.16883737226667894,1.637118,efficientdet_lite4_detection_metadata_2,0.33973999999999993,NA
369,184,268.98635599999994,54.0,51.5,86.0,1.370533,0.16883737226667894,1.637118,efficientdet_lite4_detection_metadata_2,0.33973999999999993,NA
370,185,269.16611499999993,53.0,51.5,5.6,1.370533,0.09526571948523799,1.550292,efficientdet_lite4_detection_metadata_2,0.37227999999999994,NA
371,185,270.5221619999999,54.5,52.0,85.8,1.356047,0.09526571948523799,1.550292,efficientdet_lite4_detection_metadata_2,0.37227999999999994,NA
372,186,270.62210099999993,53.5,51.5,2.6,1.356047,0.04772590878421634,1.455986,efficientdet_lite4_detection_metadata_2,0.39509999999999995,NA
373,186,271.98160899999993,54.0,52.0,85.9,1.359508,0.04772590878421634,1.455986,efficientdet_lite4_detection_metadata_2,0.39509999999999995,NA
374,187,272.03367799999995,53.5,51.5,9.5,1.359508,0.016228731191534562,1.411577,efficientdet_lite4_detection_metadata_2,0.41107999999999995,NA
375,187,273.39533599999993,54.5,51.5,85.9,1.361658,0.016228731191534562,1.411577,efficientdet_lite4_detection_metadata_2,0.41107999999999995,NA
376,188,273.41412599999995,54.0,51.5,0.0,1.361658,0.0,1.380448,efficientdet_lite4_detection_metadata_2,0.4196,NA
377,188,274.76291399999997,54.5,52.0,86.4,1.348788,0.0,1.380448,efficientdet_lite4_detection_metadata_2,0.4196,NA
378,189,274.76543999999996,54.5,52.0,0.0,1.348788,0.0,1.351314,efficientdet_lite4_detection_metadata_2,0.4196,NA
379,189,276.125934,54.5,52.0,85.6,1.360494,0.0,1.351314,efficientdet_lite4_detection_metadata_2,0.4196,NA
380,190,276.128475,54.5,52.0,0.0,1.360494,0.0,1.363035,efficientdet_lite4_detection_metadata_2,0.4196,NA
381,190,277.49019,54.5,52.0,85.7,1.361715,0.0,1.363035,efficientdet_lite4_detection_metadata_2,0.4196,NA
382,191,277.492704,54.5,52.0,0.0,1.361715,0.0,1.364229,efficientdet_lite4_detection_metadata_2,0.4196,NA
383,191,278.848364,54.5,52.0,86.0,1.35566,0.0,1.364229,efficientdet_lite4_detection_metadata_2,0.4196,NA
384,192,278.850896,54.5,52.0,50.0,1.35566,0.0,1.358192,efficientdet_lite4_detection_metadata_2,0.4196,NA
385,192,280.19982699999997,54.5,52.0,86.2,1.348931,0.0,1.358192,efficientdet_lite4_detection_metadata_2,0.4196,NA
386,193,280.20235699999995,54.5,52.0,50.0,1.348931,0.0,1.351461,efficientdet_lite4_detection_metadata_2,0.4196,NA
387,193,281.56520199999994,56.0,52.5,85.7,1.362845,0.0,1.351461,efficientdet_lite3_detection_metadata_1,0.4196,NA
388,194,281.567689,56.0,52.5,0.0,1.362845,0.7920809311915346,1.365332,efficientdet_lite3_detection_metadata_1,0.41107999999999995,NA
389,194,282.165507,54.5,53.0,82.6,0.597818,0.7920809311915346,1.365332,efficientdet_lite4_detection_metadata_2,0.41107999999999995,NA
390,195,282.971207,53.0,51.5,2.8,0.597818,0.016228731191534562,1.403518,efficientdet_lite4_detection_metadata_2,0.41107999999999995,NA
391,195,284.336787,54.0,52.5,85.6,1.36558,0.016228731191534562,1.403518,efficientdet_lite4_detection_metadata_2,0.41107999999999995,NA
392,196,284.355552,54.0,52.5,0.0,1.36558,0.016228731191534562,1.384345,efficientdet_lite4_detection_metadata_2,0.41107999999999995,NA
393,196,285.713374,54.0,52.5,85.9,1.357822,0.016228731191534562,1.384345,efficientdet_lite4_detection_metadata_2,0.41107999999999995,NA
394,197,285.739569,53.5,52.5,11.1,1.357822,0.016228731191534562,1.384017,efficientdet_lite4_detection_metadata_2,0.41107999999999995,NA
395,197,287.097162,54.0,52.5,85.9,1.357593,0.016228731191534562,1.384017,efficientdet_lite4_detection_metadata_2,0.41107999999999995,NA
396,198,287.123083,54.0,52.5,20.0,1.357593,0.016228731191534562,1.383514,efficientdet_lite4_detection_metadata_2,0.41107999999999995,NA
397,198,288.48100600000004,54.0,52.5,86.0,1.357923,0.016228731191534562,1.383514,efficientdet_lite4_detection_metadata_2,0.41107999999999995,NA
398,199,288.49983100000003,54.0,52.0,25.0,1.357923,0.0,1.376748,efficientdet_lite4_detection_metadata_2,0.4196,NA
399,199,289.856062,54.0,52.5,86.1,1.356231,0.0,1.376748,efficientdet_lite4_detection_metadata_2,0.4196,NA
400,200,289.858605,54.0,52.5,0.0,1.356231,0.0,1.358774,efficientdet_lite4_detection_metadata_2,0.4196,NA
401,200,291.21344400000004,54.0,53.0,86.0,1.354839,0.0,1.358774,efficientdet_lite4_detection_metadata_2,0.4196,NA
402,201,291.21592200000003,54.0,53.0,0.0,1.354839,0.0,1.357317,efficientdet_lite4_detection_metadata_2,0.4196,NA
403,201,292.573702,54.0,52.5,86.0,1.35778,0.0,1.357317,efficientdet_lite4_detection_metadata_2,0.4196,NA
404,202,292.57619100000005,54.0,52.5,0.0,1.35778,0.0,1.360269,efficientdet_lite4_detection_metadata_2,0.4196,NA
405,202,293.93100100000004,54.0,53.0,86.0,1.35481,0.0,1.360269,efficientdet_lite4_detection_metadata_2,0.4196,NA
406,203,293.93352500000003,54.0,53.0,0.0,1.35481,0.0,1.357334,efficientdet_lite4_detection_metadata_2,0.4196,NA
407,203,295.30343500000004,54.5,52.0,85.5,1.36991,0.0,1.357334,efficientdet_lite4_detection_metadata_2,0.4196,NA
408,204,295.30592500000006,54.5,52.0,0.0,1.36991,0.0,1.3724,efficientdet_lite4_detection_metadata_2,0.4196,NA
409,204,296.66835800000007,55.0,52.5,85.7,1.362433,0.0,1.3724,efficientdet_lite4_detection_metadata_2,0.4196,NA
410,205,296.6708970000001,55.0,52.5,0.0,1.362433,0.0,1.364972,efficientdet_lite4_detection_metadata_2,0.4196,NA
411,205,298.0260350000001,55.0,52.5,86.1,1.355138,0.0,1.364972,efficientdet_lite4_detection_metadata_2,0.4196,NA
412,206,298.02852300000006,55.0,52.5,0.0,1.355138,0.0,1.357626,efficientdet_lite4_detection_metadata_2,0.4196,NA
413,206,299.3846290000001,55.0,52.5,86.1,1.356106,0.0,1.357626,efficientdet_lite4_detection_metadata_2,0.4196,NA
414,207,299.3871740000001,55.0,52.5,0.0,1.356106,0.0,1.358651,efficientdet_lite4_detection_metadata_2,0.4196,NA
415,207,300.73788800000005,55.0,52.5,86.1,1.350714,0.0,1.358651,efficientdet_lite4_detection_metadata_2,0.4196,NA
416,208,300.7404220000001,55.0,52.5,0.0,1.350714,0.0,1.353248,efficientdet_lite4_detection_metadata_2,0.4196,NA
417,208,302.10561300000006,55.0,52.5,85.7,1.365191,0.0,1.353248,efficientdet_lite4_detection_metadata_2,0.4196,NA
418,209,302.1081660000001,55.0,52.5,0.0,1.365191,0.0,1.367744,efficientdet_lite4_detection_metadata_2,0.4196,NA
419,209,303.4594300000001,55.0,52.5,86.3,1.351264,0.0,1.367744,efficientdet_lite4_detection_metadata_2,0.4196,NA
420,210,303.4619100000001,55.0,52.5,0.0,1.351264,0.0,1.353744,efficientdet_lite4_detection_metadata_2,0.4196,NA
421,210,304.8130920000001,55.5,53.0,86.1,1.351182,0.0,1.353744,efficientdet_lite3_detection_metadata_1,0.4196,NA
422,211,304.8156350000001,55.5,53.0,0.0,1.351182,0.7920809311915346,1.353725,efficientdet_lite3_detection_metadata_1,0.41107999999999995,NA
423,211,305.4119370000001,55.0,53.0,83.4,0.596302,0.7920809311915346,1.353725,efficientdet_lite4_detection_metadata_2,0.41107999999999995,NA
424,212,306.2200030000001,53.5,51.5,4.0,0.596302,0.016228731191534562,1.404368,efficientdet_lite4_detection_metadata_2,0.41107999999999995,NA
425,212,307.5763160000001,55.0,52.5,86.0,1.356313,0.016228731191534562,1.404368,efficientdet_lite4_detection_metadata_2,0.41107999999999995,NA
426,213,307.59755100000007,55.0,52.5,14.3,1.356313,0.016228731191534562,1.377548,efficientdet_lite4_detection_metadata_2,0.41107999999999995,NA
427,213,308.94990800000005,55.0,53.0,86.1,1.352357,0.016228731191534562,1.377548,efficientdet_lite4_detection_metadata_2,0.41107999999999995,NA
428,214,308.96987100000007,55.0,53.0,22.2,1.352357,0.016228731191534562,1.37232,efficientdet_lite4_detection_metadata_2,0.41107999999999995,NA
429,214,310.32614000000007,55.0,53.0,85.8,1.356269,0.016228731191534562,1.37232,efficientdet_lite4_detection_metadata_2,0.41107999999999995,NA
430,215,310.3450930000001,55.0,53.0,25.0,1.356269,0.016228731191534562,1.375222,efficientdet_lite4_detection_metadata_2,0.41107999999999995,NA
431,215,311.71717400000006,54.5,53.0,85.7,1.372081,0.016228731191534562,1.375222,efficientdet_lite4_detection_metadata_2,0.41107999999999995,NA
432,216,311.7360120000001,54.5,53.0,0.0,1.372081,0.0,1.390919,efficientdet_lite4_detection_metadata_2,0.4196,NA
433,216,313.09161500000005,55.0,53.5,86.1,1.355603,0.0,1.390919,efficientdet_lite4_detection_metadata_2,0.4196,NA
434,217,313.0940930000001,55.0,53.5,0.0,1.355603,0.0,1.358081,efficientdet_lite4_detection_metadata_2,0.4196,NA
435,217,314.4518260000001,55.0,53.5,86.1,1.357733,0.0,1.358081,efficientdet_lite4_detection_metadata_2,0.4196,NA
436,218,314.4543130000001,55.0,53.5,0.0,1.357733,0.0,1.36022,efficientdet_lite4_detection_metadata_2,0.4196,NA
437,218,315.8037160000001,55.0,53.5,86.3,1.349403,0.0,1.36022,efficientdet_lite4_detection_metadata_2,0.4196,NA
438,219,315.8062690000001,55.0,53.5,0.0,1.349403,0.0,1.351956,efficientdet_lite4_detection_metadata_2,0.4196,NA
439,219,317.1596340000001,55.5,53.0,86.2,1.353365,0.0,1.351956,efficientdet_lite3_detection_metadata_1,0.4196,NA
440,220,317.1621910000001,55.5,53.0,50.0,1.353365,0.7920809311915346,1.355922,efficientdet_lite3_detection_metadata_1,0.41107999999999995,NA
441,220,317.7606790000001,56.0,53.0,82.9,0.598488,0.7920809311915346,1.355922,efficientdet_lite2_detection_metadata_1,0.41107999999999995,NA
442,221,318.56798600000013,54.0,52.0,3.4,0.598488,1.0846701087842163,1.405795,efficientdet_lite2_detection_metadata_1,0.39509999999999995,NA
443,221,318.90995600000014,55.0,53.0,77.0,0.34197,1.0846701087842163,1.405795,efficientdet_lite3_detection_metadata_1,0.39509999999999995,NA
444,222,320.01079300000015,54.0,52.0,2.1,0.34197,0.8409626434981733,1.442807,efficientdet_lite3_detection_metadata_1,0.38658000000000003,NA
445,222,320.60936200000015,57.0,53.0,83.3,0.598569,0.8409626434981733,1.442807,efficientdet_lite2_detection_metadata_1,0.38658000000000003,NA
446,223,321.4646940000001,54.0,52.0,3.5,0.598569,1.1358359109544232,1.453901,efficientdet_lite2_detection_metadata_1,0.3706,NA
447,223,321.80269600000014,55.0,53.0,76.5,0.338002,1.1358359109544232,1.453901,efficientdet_lite3_detection_metadata_1,0.3706,NA
448,224,322.9534440000001,54.0,52.0,3.9,0.338002,0.8934122694295653,1.48875,efficientdet_lite3_detection_metadata_1,0.36208000000000007,NA
449,224,323.5465280000001,55.0,52.5,82.9,0.593084,0.8934122694295653,1.48875,efficientdet_lite4_detection_metadata_2,0.36208000000000007,NA
450,225,324.4499450000001,53.5,52.0,3.6,0.593084,0.09889171095442317,1.496501,efficientdet_lite4_detection_metadata_2,0.37059999999999993,NA
451,225,325.80274000000014,54.5,53.0,86.1,1.352795,0.09889171095442317,1.496501,efficientdet_lite4_detection_metadata_2,0.37059999999999993,NA
452,226,325.90776600000015,54.0,52.5,0.0,1.352795,0.0651104434981733,1.457821,efficientdet_lite4_detection_metadata_2,0.38658,NA
453,226,327.27060200000017,55.0,53.0,85.6,1.362836,0.0651104434981733,1.457821,efficientdet_lite4_detection_metadata_2,0.38658,NA
454,227,327.3389270000001,54.0,52.5,7.4,1.362836,0.04772590878421634,1.431161,efficientdet_lite4_detection_metadata_2,0.39509999999999995,NA
455,227,328.7068590000001,56.5,53.0,85.4,1.367932,0.04772590878421634,1.431161,efficientdet_lite3_detection_metadata_1,0.39509999999999995,NA
456,228,328.75903900000014,54.5,53.0,5.0,1.367932,0.8086981681945707,1.420112,efficientdet_lite3_detection_metadata_1,0.40256,NA
457,228,329.35619400000013,55.0,53.0,82.5,0.597155,0.8086981681945707,1.420112,efficientdet_lite4_detection_metadata_2,0.40256,NA
458,229,330.18036400000017,53.5,52.0,3.0,0.597155,0.016228731191534562,1.421325,efficientdet_lite4_detection_metadata_2,0.41107999999999995,NA
459,229,331.54100400000016,55.0,53.0,86.0,1.36064,0.016228731191534562,1.421325,efficientdet_lite4_detection_metadata_2,0.41107999999999995,NA
460,230,331.5598390000002,54.5,53.5,0.0,1.36064,0.016228731191534562,1.379475,efficientdet_lite4_detection_metadata_2,0.41107999999999995,NA
461,230,332.9205380000002,55.0,53.0,85.7,1.360699,0.016228731191534562,1.379475,efficientdet_lite4_detection_metadata_2,0.41107999999999995,NA
462,231,332.9393610000002,55.0,53.0,25.0,1.360699,0.016228731191534562,1.379522,efficientdet_lite4_detection_metadata_2,0.41107999999999995,NA
463,231,334.2985850000002,54.5,53.5,85.7,1.359224,0.016228731191534562,1.379522,efficientdet_lite4_detection_metadata_2,0.41107999999999995,NA
464,232,334.31925700000016,54.5,53.5,0.0,1.359224,0.016228731191534562,1.379896,efficientdet_lite4_detection_metadata_2,0.41107999999999995,NA
465,232,335.68336200000016,55.0,53.0,85.9,1.364105,0.016228731191534562,1.379896,efficientdet_lite4_detection_metadata_2,0.41107999999999995,NA
466,233,335.70342600000015,55.0,53.0,14.3,1.364105,0.0,1.384169,efficientdet_lite4_detection_metadata_2,0.4196,NA
467,233,337.05402700000013,54.5,53.0,86.1,1.350601,0.0,1.384169,efficientdet_lite4_detection_metadata_2,0.4196,NA
468,234,337.0565750000001,54.5,53.0,0.0,1.350601,0.0,1.353149,efficientdet_lite4_detection_metadata_2,0.4196,NA
469,234,338.41403300000013,55.0,53.5,86.0,1.357458,0.0,1.353149,efficientdet_lite4_detection_metadata_2,0.4196,NA
470,235,338.4165790000001,55.0,53.5,0.0,1.357458,0.0,1.360004,efficientdet_lite4_detection_metadata_2,0.4196,NA
471,235,339.7704420000001,55.0,53.5,86.3,1.353863,0.0,1.360004,efficientdet_lite4_detection_metadata_2,0.4196,NA
472,236,339.77302200000014,55.0,53.5,0.0,1.353863,0.0,1.356443,efficientdet_lite4_detection_metadata_2,0.4196,NA
473,236,341.1242800000001,55.0,53.5,86.1,1.351258,0.0,1.356443,efficientdet_lite4_detection_metadata_2,0.4196,NA
474,237,341.1268880000001,55.0,53.5,0.0,1.351258,0.0,1.353866,efficientdet_lite4_detection_metadata_2,0.4196,NA
475,237,342.4808480000001,55.0,53.5,86.1,1.35396,0.0,1.353866,efficientdet_lite4_detection_metadata_2,0.4196,NA
476,238,342.48344400000013,55.0,53.5,100.0,1.35396,0.0,1.356556,efficientdet_lite4_detection_metadata_2,0.4196,NA
477,238,343.8437040000001,57.0,53.5,85.8,1.36026,0.0,1.356556,efficientdet_lite3_detection_metadata_1,0.4196,NA
478,239,343.84628000000015,57.0,53.5,100.0,1.36026,0.7920809311915346,1.362836,efficientdet_lite3_detection_metadata_1,0.41107999999999995,NA
479,239,344.44198300000016,57.5,53.5,83.2,0.595703,0.7920809311915346,1.362836,efficientdet_lite2_detection_metadata_1,0.41107999999999995,NA
480,240,345.2500200000002,54.0,52.5,2.5,0.595703,1.0846701087842163,1.40374,efficientdet_lite2_detection_metadata_1,0.39509999999999995,NA
481,240,345.5961760000002,57.5,53.5,77.7,0.346156,1.0846701087842163,1.40374,efficientdet_lite1_detection_metadata_1,0.39509999999999995,NA
482,241,346.6957820000002,54.0,52.0,3.4,0.346156,1.2451589194852377,1.445762,efficientdet_lite1_detection_metadata_1,0.37228,NA
483,241,346.9229520000002,58.0,53.5,73.6,0.22717,1.2451589194852377,1.445762,efficientdet_lite0_detection_metadata_1,0.37228,NA
484,242,348.1842100000002,54.0,52.0,2.4,0.22717,1.4047397722666788,1.488428,efficientdet_lite0_detection_metadata_1,0.33974000000000004,NA
485,242,348.3147150000002,57.5,53.0,67.3,0.130505,1.4047397722666788,1.488428,efficientdet_lite0_detection_metadata_1,0.33974000000000004,NA
486,243,349.73669900000016,53.5,52.0,2.8,0.130505,1.4860787021541013,1.552489,efficientdet_lite0_detection_metadata_1,0.30720000000000003,NA
487,243,349.8741160000002,58.0,53.5,67.3,0.137417,1.4860787021541013,1.552489,efficientdet_lite0_detection_metadata_1,0.30720000000000003,NA
488,244,351.37464200000016,54.0,52.0,3.0,0.137417,1.5518529137557489,1.637943,efficientdet_lite0_detection_metadata_1,0.28318000000000004,NA
489,244,351.50533700000017,57.5,53.5,67.9,0.130695,1.5518529137557489,1.637943,efficientdet_lite0_detection_metadata_1,0.28318000000000004,NA
490,245,353.07434700000016,53.5,52.0,2.2,0.130695,1.6003948380866049,1.699705,efficientdet_lite0_detection_metadata_1,0.26661999999999997,NA
491,245,353.20604400000013,57.0,53.0,66.7,0.131697,1.6003948380866049,1.699705,efficientdet_lite0_detection_metadata_1,0.26661999999999997,NA
492,246,354.82385100000016,53.0,52.0,2.8,0.131697,3.630604267976056,1.749504,efficientdet_lite0_detection_metadata_1,0.2569,NA
493,246,354.9551270000002,57.0,53.0,66.7,0.131276,3.630604267976056,1.749504,efficientdet_lite0_detection_metadata_1,0.2569,NA
494,247,358.60462500000017,53.0,52.0,3.2,0.131276,5.660813697865507,3.780774,efficientdet_lite0_detection_metadata_1,0.2569,NA
495,247,358.74305100000015,57.5,53.0,67.9,0.138426,5.660813697865507,3.780774,efficientdet_lite0_detection_metadata_1,0.2569,NA
496,248,364.42148100000014,52.5,52.0,2.8,0.138426,7.791023127754958,5.816856,efficientdet_lite0_detection_metadata_1,0.2569,NA
497,248,364.55171600000017,56.5,52.0,68.6,0.130235,7.791023127754958,5.816856,efficientdet_lite0_detection_metadata_1,0.2569,NA
498,249,372.36625000000015,52.0,50.5,3.4,0.130235,9.72123255764441,7.944769,efficientdet_lite0_detection_metadata_1,0.2569,NA
499,249,372.50084100000015,56.0,51.5,68.5,0.134591,9.72123255764441,7.944769,efficientdet_lite0_detection_metadata_1,0.2569,NA
500,250,382.24204300000014,52.0,50.0,3.2,0.134591,11.55144198753386,9.875793,efficientdet_lite0_detection_metadata_1,0.2569,NA
501,250,382.37222200000014,55.5,51.5,68.5,0.130179,11.55144198753386,9.875793,efficientdet_lite0_detection_metadata_1,0.2569,NA
502,251,393.94960400000014,51.5,49.0,2.9,0.130179,13.28165141742331,11.707561,efficientdet_lite0_detection_metadata_1,0.2569,NA
503,251,394.08047400000015,55.0,50.5,67.9,0.13087,13.28165141742331,11.707561,efficientdet_lite1_detection_metadata_1,0.2569,NA
504,252,407.39011200000016,50.5,49.0,3.3,0.13087,1.5143856380866048,13.440508,efficientdet_lite1_detection_metadata_1,0.26661999999999997,NA
505,252,407.6160610000002,52.5,50.0,73.9,0.225949,1.5143856380866048,13.440508,efficientdet_lite2_detection_metadata_1,0.26661999999999997,NA
506,253,409.1467660000002,50.0,49.0,1.7,0.225949,1.3528947137557488,1.756654,efficientdet_lite2_detection_metadata_1,0.28318000000000004,NA
507,253,409.4793720000002,51.5,50.0,77.6,0.332606,1.3528947137557488,1.756654,efficientdet_lite3_detection_metadata_1,0.28318000000000004,NA
508,254,410.84789800000016,50.5,49.0,3.6,0.332606,1.0260285021541011,1.701132,efficientdet_lite3_detection_metadata_1,0.30720000000000003,NA
509,254,411.43936100000013,51.5,50.0,83.4,0.591463,1.0260285021541011,1.701132,efficientdet_lite4_detection_metadata_2,0.30720000000000003,NA
510,255,412.48073400000015,50.5,49.0,2.6,0.591463,0.16883737226667894,1.632836,efficientdet_lite4_detection_metadata_2,0.33973999999999993,NA
511,255,413.83892200000014,51.5,50.0,86.1,1.358188,0.16883737226667894,1.632836,efficientdet_lite4_detection_metadata_2,0.33973999999999993,NA
512,256,414.02168400000016,50.5,49.0,6.8,1.358188,0.09526571948523799,1.54095,efficientdet_lite4_detection_metadata_2,0.37227999999999994,NA
513,256,415.37558900000016,51.5,50.0,86.0,1.353905,0.09526571948523799,1.54095,efficientdet_lite4_detection_metadata_2,0.37227999999999994,NA
514,257,415.47657600000014,51.0,49.0,0.0,1.353905,0.04772590878421634,1.454892,efficientdet_lite4_detection_metadata_2,0.39509999999999995,NA
515,257,416.8406650000001,51.5,50.0,85.8,1.364089,0.04772590878421634,1.454892,efficientdet_lite4_detection_metadata_2,0.39509999999999995,NA
516,258,416.89248000000015,51.5,49.5,9.5,1.364089,0.016228731191534562,1.415904,efficientdet_lite4_detection_metadata_2,0.41107999999999995,NA
517,258,418.24395100000015,51.5,50.5,86.2,1.351471,0.016228731191534562,1.415904,efficientdet_lite4_detection_metadata_2,0.41107999999999995,NA
518,259,418.26435200000014,51.5,50.0,12.5,1.351471,0.0,1.371872,efficientdet_lite4_detection_metadata_2,0.4196,NA
519,259,419.62955600000015,52.0,50.5,85.7,1.365204,0.0,1.371872,efficientdet_lite4_detection_metadata_2,0.4196,NA
520,260,419.6320460000001,52.0,50.5,0.0,1.365204,0.0,1.367694,efficientdet_lite4_detection_metadata_2,0.4196,NA
521,260,420.98747100000014,52.5,50.0,86.1,1.355425,0.0,1.367694,efficientdet_lite4_detection_metadata_2,0.4196,NA
522,261,420.9900090000001,52.5,50.0,50.0,1.355425,0.0,1.357963,efficientdet_lite4_detection_metadata_2,0.4196,NA
523,261,422.3400040000001,52.0,50.0,86.2,1.349995,0.0,1.357963,efficientdet_lite4_detection_metadata_2,0.4196,NA
524,262,422.3425000000001,52.0,50.0,0.0,1.349995,0.0,1.352491,efficientdet_lite4_detection_metadata_2,0.4196,NA
525,262,423.6959030000001,52.5,50.0,86.1,1.353403,0.0,1.352491,efficientdet_lite4_detection_metadata_2,0.4196,NA
526,263,423.69837100000007,52.5,50.0,0.0,1.353403,0.0,1.355871,efficientdet_lite4_detection_metadata_2,0.4196,NA
527,263,425.0522240000001,52.5,50.5,86.0,1.353853,0.0,1.355871,efficientdet_lite4_detection_metadata_2,0.4196,NA
528,264,425.0547670000001,52.5,50.5,0.0,1.353853,0.0,1.356396,efficientdet_lite4_detection_metadata_2,0.4196,NA
529,264,426.4136000000001,52.5,50.0,85.7,1.358833,0.0,1.356396,efficientdet_lite4_detection_metadata_2,0.4196,NA
530,265,426.4161440000001,52.5,50.0,0.0,1.358833,0.0,1.361377,efficientdet_lite4_detection_metadata_2,0.4196,NA
531,265,427.78106500000007,52.5,50.5,85.8,1.364921,0.0,1.361377,efficientdet_lite4_detection_metadata_2,0.4196,NA
532,266,427.7835500000001,52.5,50.5,0.0,1.364921,0.0,1.367406,efficientdet_lite4_detection_metadata_2,0.4196,NA
533,266,429.1343480000001,53.0,50.0,86.2,1.350798,0.0,1.367406,efficientdet_lite4_detection_metadata_2,0.4196,NA
534,267,429.1369070000001,52.5,50.0,0.0,1.350798,0.0,1.353357,efficientdet_lite4_detection_metadata_2,0.4196,NA
535,267,430.4930220000001,52.5,50.5,85.8,1.356115,0.0,1.353357,efficientdet_lite4_detection_metadata_2,0.4196,NA
536,268,430.4955010000001,52.5,50.5,0.0,1.356115,0.0,1.358594,efficientdet_lite4_detection_metadata_2,0.4196,NA
537,268,431.8600520000001,52.5,50.5,86.1,1.364551,0.0,1.358594,efficientdet_lite4_detection_metadata_2,0.4196,NA
538,269,431.8625630000001,52.5,50.5,0.0,1.364551,0.0,1.367062,efficientdet_lite4_detection_metadata_2,0.4196,NA
539,269,433.2103660000001,53.0,50.5,86.1,1.347803,0.0,1.367062,efficientdet_lite4_detection_metadata_2,0.4196,NA
540,270,433.21284800000006,53.0,50.5,0.0,1.347803,0.0,1.350285,efficientdet_lite4_detection_metadata_2,0.4196,NA
541,270,434.56186800000006,53.0,50.5,86.1,1.34902,0.0,1.350285,efficientdet_lite4_detection_metadata_2,0.4196,NA
542,271,434.56434800000005,53.0,50.5,0.0,1.34902,0.0,1.3515,efficientdet_lite4_detection_metadata_2,0.4196,NA
543,271,435.93070800000004,53.0,50.5,85.5,1.36636,0.0,1.3515,efficientdet_lite4_detection_metadata_2,0.4196,NA
544,272,435.93329700000004,53.0,50.5,0.0,1.36636,0.0,1.368949,efficientdet_lite4_detection_metadata_2,0.4196,NA
545,272,437.28762700000004,52.5,50.5,85.9,1.35433,0.0,1.368949,efficientdet_lite4_detection_metadata_2,0.4196,NA
546,273,437.290159,52.5,50.5,0.0,1.35433,0.0,1.356862,efficientdet_lite4_detection_metadata_2,0.4196,NA
547,273,438.65859700000004,53.0,50.5,85.6,1.368438,0.0,1.356862,efficientdet_lite4_detection_metadata_2,0.4196,NA
548,274,438.661133,53.0,50.5,50.0,1.368438,0.0,1.370974,efficientdet_lite4_detection_metadata_2,0.4196,NA
549,274,440.024635,52.0,50.5,85.5,1.363502,0.0,1.370974,efficientdet_lite4_detection_metadata_2,0.4196,NA
550,275,440.027172,52.0,50.5,50.0,1.363502,0.0,1.366039,efficientdet_lite4_detection_metadata_2,0.4196,NA
551,275,441.389999,52.5,50.5,85.7,1.362827,0.0,1.366039,efficientdet_lite4_detection_metadata_2,0.4196,NA
552,276,441.392507,52.5,50.5,0.0,1.362827,0.0,1.365335,efficientdet_lite4_detection_metadata_2,0.4196,NA
553,276,442.75284500000004,52.0,51.0,85.9,1.360338,0.0,1.365335,efficientdet_lite4_detection_metadata_2,0.4196,NA
554,277,442.755383,52.0,51.0,100.0,1.360338,0.0,1.362876,efficientdet_lite4_detection_metadata_2,0.4196,NA
555,277,444.116478,52.5,51.0,85.8,1.361095,0.0,1.362876,efficientdet_lite4_detection_metadata_2,0.4196,NA
556,278,444.119018,52.5,51.0,0.0,1.361095,0.0,1.363635,efficientdet_lite4_detection_metadata_2,0.4196,NA
557,278,445.472934,52.5,51.0,86.2,1.353916,0.0,1.363635,efficientdet_lite4_detection_metadata_2,0.4196,NA
558,279,445.47541,52.5,51.0,0.0,1.353916,0.0,1.356392,efficientdet_lite4_detection_metadata_2,0.4196,NA
559,279,446.838185,53.0,51.0,86.1,1.362775,0.0,1.356392,efficientdet_lite4_detection_metadata_2,0.4196,NA
560,280,446.840722,53.0,51.0,0.0,1.362775,0.0,1.365312,efficientdet_lite4_detection_metadata_2,0.4196,NA
561,280,448.196776,53.0,51.0,86.1,1.356054,0.0,1.365312,efficientdet_lite4_detection_metadata_2,0.4196,NA
562,281,448.199332,53.0,51.0,0.0,1.356054,0.0,1.35861,efficientdet_lite4_detection_metadata_2,0.4196,NA
563,281,449.55928200000005,53.0,51.0,85.7,1.35995,0.0,1.35861,efficientdet_lite4_detection_metadata_2,0.4196,NA
564,282,449.561791,53.0,51.0,0.0,1.35995,0.0,1.362459,efficientdet_lite4_detection_metadata_2,0.4196,NA
565,282,450.91964800000005,53.0,51.0,85.8,1.357857,0.0,1.362459,efficientdet_lite4_detection_metadata_2,0.4196,NA
566,283,450.922209,53.0,51.0,100.0,1.357857,0.0,1.360418,efficientdet_lite4_detection_metadata_2,0.4196,NA
567,283,452.270796,53.0,51.0,86.1,1.348587,0.0,1.360418,efficientdet_lite4_detection_metadata_2,0.4196,NA
568,284,452.273347,53.0,51.0,100.0,1.348587,0.0,1.351138,efficientdet_lite4_detection_metadata_2,0.4196,NA
569,284,453.62613,53.0,51.0,86.0,1.352783,0.0,1.351138,efficientdet_lite4_detection_metadata_2,0.4196,NA
570,285,453.628677,53.0,51.0,0.0,1.352783,0.0,1.35533,efficientdet_lite4_detection_metadata_2,0.4196,NA
571,285,454.98436999999996,53.0,51.0,86.3,1.355693,0.0,1.35533,efficientdet_lite4_detection_metadata_2,0.4196,NA
572,286,454.98684,53.0,51.0,0.0,1.355693,0.0,1.358163,efficientdet_lite4_detection_metadata_2,0.4196,NA
573,286,456.341304,53.0,51.5,86.0,1.354464,0.0,1.358163,efficientdet_lite4_detection_metadata_2,0.4196,NA
574,287,456.34385,53.0,51.5,100.0,1.354464,0.0,1.35701,efficientdet_lite4_detection_metadata_2,0.4196,NA
575,287,457.719272,53.0,51.5,85.3,1.375422,0.0,1.35701,efficientdet_lite4_detection_metadata_2,0.4196,NA
576,288,457.72176199999996,53.0,51.5,50.0,1.375422,0.0,1.377912,efficientdet_lite4_detection_metadata_2,0.4196,NA
577,288,459.07623099999995,53.0,51.5,86.2,1.354469,0.0,1.377912,efficientdet_lite4_detection_metadata_2,0.4196,NA
578,289,459.078763,53.0,51.5,0.0,1.354469,0.0,1.357001,efficientdet_lite4_detection_metadata_2,0.4196,NA
579,289,460.43109,53.0,51.0,86.0,1.352327,0.0,1.357001,efficientdet_lite4_detection_metadata_2,0.4196,NA
580,290,460.43364199999996,53.0,51.0,0.0,1.352327,0.0,1.354879,efficientdet_lite4_detection_metadata_2,0.4196,NA
581,290,461.79827199999994,53.0,51.5,85.5,1.36463,0.0,1.354879,efficientdet_lite4_detection_metadata_2,0.4196,NA
582,291,461.800825,53.0,51.5,0.0,1.36463,0.0,1.367183,efficientdet_lite4_detection_metadata_2,0.4196,NA
583,291,463.155762,54.0,51.5,86.1,1.354937,0.0,1.367183,efficientdet_lite4_detection_metadata_2,0.4196,NA
584,292,463.158232,54.0,51.5,0.0,1.354937,0.0,1.357407,efficientdet_lite4_detection_metadata_2,0.4196,NA
585,292,464.510201,54.0,51.0,86.3,1.351969,0.0,1.357407,efficientdet_lite4_detection_metadata_2,0.4196,NA
586,293,464.51272,54.0,51.0,0.0,1.351969,0.0,1.354488,efficientdet_lite4_detection_metadata_2,0.4196,NA
587,293,465.869354,53.5,51.5,86.0,1.356634,0.0,1.354488,efficientdet_lite4_detection_metadata_2,0.4196,NA
588,294,465.871885,53.5,51.5,0.0,1.356634,0.0,1.359165,efficientdet_lite4_detection_metadata_2,0.4196,NA
589,294,467.224755,53.5,51.5,86.0,1.35287,0.0,1.359165,efficientdet_lite4_detection_metadata_2,0.4196,NA
590,295,467.227304,53.5,51.5,0.0,1.35287,0.0,1.355419,efficientdet_lite4_detection_metadata_2,0.4196,NA
591,295,468.579722,54.0,51.5,86.2,1.352418,0.0,1.355419,efficientdet_lite4_detection_metadata_2,0.4196,NA
592,296,468.58230100000003,54.0,51.5,0.0,1.352418,0.0,1.354997,efficientdet_lite4_detection_metadata_2,0.4196,NA
593,296,469.94622400000003,54.0,51.5,85.7,1.363923,0.0,1.354997,efficientdet_lite4_detection_metadata_2,0.4196,NA
594,297,469.948773,54.0,51.5,100.0,1.363923,0.0,1.366472,efficientdet_lite4_detection_metadata_2,0.4196,NA
595,297,471.303956,55.5,51.5,85.8,1.355183,0.0,1.366472,efficientdet_lite3_detection_metadata_1,0.4196,NA
596,298,471.30643100000003,55.5,51.5,0.0,1.355183,0.7920809311915346,1.357658,efficientdet_lite3_detection_metadata_1,0.41107999999999995,NA
597,298,471.90566700000005,56.0,52.0,83.1,0.599236,0.7920809311915346,1.357658,efficientdet_lite2_detection_metadata_1,0.41107999999999995,NA
598,299,472.71303400000005,52.5,51.0,1.9,0.599236,1.0846701087842163,1.406603,efficientdet_lite2_detection_metadata_1,0.39509999999999995,NA
599,299,473.05329000000006,56.0,52.0,77.6,0.340256,1.0846701087842163,1.406603,efficientdet_lite1_detection_metadata_1,0.39509999999999995,NA
600,300,474.15381700000006,52.5,50.5,3.4,0.340256,1.2451589194852377,1.440783,efficientdet_lite1_detection_metadata_1,0.37228,NA
601,300,474.38200900000004,53.5,52.0,72.5,0.228192,1.2451589194852377,1.440783,efficientdet_lite2_detection_metadata_1,0.37228,NA
602,301,475.64270300000004,52.0,50.0,3.2,0.228192,1.167441072198031,1.488886,efficientdet_lite2_detection_metadata_1,0.35629999999999995,NA
603,301,475.97785100000004,53.5,51.5,78.2,0.335148,1.167441072198031,1.488886,efficientdet_lite3_detection_metadata_1,0.35629999999999995,NA
604,302,477.160383,52.0,50.5,2.7,0.335148,0.9258335935001974,1.51768,efficientdet_lite3_detection_metadata_1,0.34778,NA
605,302,477.75249,53.5,52.0,82.9,0.592107,0.9258335935001974,1.51768,efficientdet_lite4_detection_metadata_2,0.34778,NA
606,303,478.693352,52.0,50.5,2.4,0.592107,0.13049687219803108,1.532969,efficientdet_lite4_detection_metadata_2,0.35629999999999995,NA
607,303,480.052689,53.0,51.5,85.9,1.359337,0.13049687219803108,1.532969,efficientdet_lite4_detection_metadata_2,0.35629999999999995,NA
608,304,480.192971,52.5,50.5,3.6,1.359337,0.09526571948523799,1.499619,efficientdet_lite4_detection_metadata_2,0.37227999999999994,NA
609,304,481.549551,53.5,51.5,86.1,1.35658,0.09526571948523799,1.499619,efficientdet_lite4_detection_metadata_2,0.37227999999999994,NA
610,305,481.650825,52.5,51.0,2.5,1.35658,0.04772590878421634,1.457854,efficientdet_lite4_detection_metadata_2,0.39509999999999995,NA
611,305,483.004786,53.0,51.5,86.3,1.353961,0.04772590878421634,1.457854,efficientdet_lite4_detection_metadata_2,0.39509999999999995,NA
612,306,483.056601,53.0,51.5,4.8,1.353961,0.016228731191534562,1.405776,efficientdet_lite4_detection_metadata_2,0.41107999999999995,NA
613,306,484.40834,53.0,52.0,86.3,1.351739,0.016228731191534562,1.405776,efficientdet_lite4_detection_metadata_2,0.41107999999999995,NA
614,307,484.427103,52.5,51.5,0.0,1.351739,0.0,1.370502,efficientdet_lite4_detection_metadata_2,0.4196,NA
615,307,485.78509199999996,53.5,51.5,86.0,1.357989,0.0,1.370502,efficientdet_lite4_detection_metadata_2,0.4196,NA
616,308,485.78763699999996,53.5,51.5,0.0,1.357989,0.0,1.360534,efficientdet_lite4_detection_metadata_2,0.4196,NA
617,308,487.13998399999997,53.0,52.5,86.3,1.352347,0.0,1.360534,efficientdet_lite4_detection_metadata_2,0.4196,NA
618,309,487.14253499999995,53.0,52.5,0.0,1.352347,0.0,1.354898,efficientdet_lite4_detection_metadata_2,0.4196,NA
619,309,488.49572099999995,53.5,52.0,86.1,1.353186,0.0,1.354898,efficientdet_lite4_detection_metadata_2,0.4196,NA
620,310,488.49831099999994,53.5,52.0,0.0,1.353186,0.0,1.355776,efficientdet_lite4_detection_metadata_2,0.4196,NA
621,310,489.87701999999996,53.5,52.0,85.4,1.378709,0.0,1.355776,efficientdet_lite4_detection_metadata_2,0.4196,NA
622,311,489.87950399999994,53.5,52.0,0.0,1.378709,0.0,1.381193,efficientdet_lite4_detection_metadata_2,0.4196,NA
623,311,491.24004899999994,53.5,50.0,86.1,1.360545,0.0,1.381193,efficientdet_lite4_detection_metadata_2,0.4196,NA
624,312,491.2425349999999,53.5,50.0,0.0,1.360545,0.0,1.363031,efficientdet_lite4_detection_metadata_2,0.4196,NA
625,312,492.5983599999999,53.0,52.5,86.1,1.355825,0.0,1.363031,efficientdet_lite4_detection_metadata_2,0.4196,NA
626,313,492.60091399999993,53.0,52.5,0.0,1.355825,0.0,1.358379,efficientdet_lite4_detection_metadata_2,0.4196,NA
627,313,493.9576629999999,54.0,52.0,86.2,1.356749,0.0,1.358379,efficientdet_lite4_detection_metadata_2,0.4196,NA
628,314,493.9602059999999,54.0,52.0,0.0,1.356749,0.0,1.359292,efficientdet_lite4_detection_metadata_2,0.4196,NA
629,314,495.3101939999999,54.0,52.0,86.1,1.349988,0.0,1.359292,efficientdet_lite4_detection_metadata_2,0.4196,NA
630,315,495.3126779999999,54.0,52.0,0.0,1.349988,0.0,1.352472,efficientdet_lite4_detection_metadata_2,0.4196,NA
631,315,496.6648499999999,54.0,52.0,86.2,1.352172,0.0,1.352472,efficientdet_lite4_detection_metadata_2,0.4196,NA
632,316,496.6673859999999,54.0,52.0,0.0,1.352172,0.0,1.354708,efficientdet_lite4_detection_metadata_2,0.4196,NA
633,316,498.0171339999999,54.0,52.0,86.3,1.349748,0.0,1.354708,efficientdet_lite4_detection_metadata_2,0.4196,NA
634,317,498.01961299999994,54.0,52.0,0.0,1.349748,0.0,1.352227,efficientdet_lite4_detection_metadata_2,0.4196,NA
635,317,499.37881999999996,55.5,52.0,85.8,1.359207,0.0,1.352227,efficientdet_lite3_detection_metadata_1,0.4196,NA
636,318,499.38136799999995,55.5,52.0,50.0,1.359207,0.7920809311915346,1.361755,efficientdet_lite3_detection_metadata_1,0.41107999999999995,NA
637,318,499.984383,56.5,52.5,83.1,0.603015,0.7920809311915346,1.361755,efficientdet_lite2_detection_metadata_1,0.41107999999999995,NA
638,319,500.79067299999997,53.0,51.0,4.0,0.603015,1.0846701087842163,1.409305,efficientdet_lite2_detection_metadata_1,0.39509999999999995,NA
639,319,501.13321699999995,54.0,52.0,77.4,0.342544,1.0846701087842163,1.409305,efficientdet_lite3_detection_metadata_1,0.39509999999999995,NA
640,320,502.23236299999996,52.5,50.5,3.2,0.342544,0.8409626434981733,1.44169,efficientdet_lite3_detection_metadata_1,0.38658000000000003,NA
641,320,502.82185699999997,54.0,52.0,83.0,0.589494,0.8409626434981733,1.44169,efficientdet_lite4_detection_metadata_2,0.38658000000000003,NA
642,321,503.67756199999997,52.5,51.0,3.5,0.589494,0.0651104434981733,1.445199,efficientdet_lite4_detection_metadata_2,0.38658,NA
643,321,505.040442,54.0,52.0,85.9,1.36288,0.0651104434981733,1.445199,efficientdet_lite4_detection_metadata_2,0.38658,NA
644,322,505.11071599999997,53.0,52.0,3.7,1.36288,0.0651104434981733,1.433154,efficientdet_lite4_detection_metadata_2,0.38658,NA
645,322,506.46270799999996,54.0,52.5,86.0,1.351992,0.0651104434981733,1.433154,efficientdet_lite4_detection_metadata_2,0.38658,NA
646,323,506.531053,53.5,52.0,7.1,1.351992,0.04772590878421634,1.420337,efficientdet_lite4_detection_metadata_2,0.39509999999999995,NA
647,323,507.902531,53.5,52.0,85.4,1.371478,0.04772590878421634,1.420337,efficientdet_lite4_detection_metadata_2,0.39509999999999995,NA
648,324,507.953015,53.0,52.0,0.0,1.371478,0.016228731191534562,1.421962,efficientdet_lite4_detection_metadata_2,0.41107999999999995,NA
649,324,509.301934,53.5,52.0,86.2,1.348919,0.016228731191534562,1.421962,efficientdet_lite4_detection_metadata_2,0.41107999999999995,NA
650,325,509.322042,53.5,52.0,22.2,1.348919,0.0,1.369027,efficientdet_lite4_detection_metadata_2,0.4196,NA
651,325,510.682144,55.5,52.0,85.9,1.360102,0.0,1.369027,efficientdet_lite3_detection_metadata_1,0.4196,NA
652,326,510.68471,55.5,52.0,0.0,1.360102,0.7920809311915346,1.362668,efficientdet_lite3_detection_metadata_1,0.41107999999999995,NA
653,326,511.283253,54.0,52.5,83.1,0.598543,0.7920809311915346,1.362668,efficientdet_lite4_detection_metadata_2,0.41107999999999995,NA
654,327,512.09019,53.0,51.0,2.5,0.598543,0.016228731191534562,1.40548,efficientdet_lite4_detection_metadata_2,0.41107999999999995,NA
655,327,513.4427900000001,53.5,52.0,86.2,1.3526,0.016228731191534562,1.40548,efficientdet_lite4_detection_metadata_2,0.41107999999999995,NA
656,328,513.462893,53.5,52.0,0.0,1.3526,0.016228731191534562,1.372703,efficientdet_lite4_detection_metadata_2,0.41107999999999995,NA
657,328,514.8138270000001,53.5,52.5,86.1,1.350934,0.016228731191534562,1.372703,efficientdet_lite4_detection_metadata_2,0.41107999999999995,NA
658,329,514.832653,53.5,52.5,12.5,1.350934,0.016228731191534562,1.36976,efficientdet_lite4_detection_metadata_2,0.41107999999999995,NA
659,329,516.2080880000001,54.0,52.5,85.0,1.375435,0.016228731191534562,1.36976,efficientdet_lite4_detection_metadata_2,0.41107999999999995,NA
660,330,516.2281750000001,53.5,52.5,12.5,1.375435,0.016228731191534562,1.395522,efficientdet_lite4_detection_metadata_2,0.41107999999999995,NA
661,330,517.5805,54.0,52.5,86.2,1.352325,0.016228731191534562,1.395522,efficientdet_lite4_detection_metadata_2,0.41107999999999995,NA
662,331,517.599321,54.0,52.5,0.0,1.352325,0.0,1.371146,efficientdet_lite4_detection_metadata_2,0.4196,NA
663,331,518.9585440000001,54.0,52.5,85.9,1.359223,0.0,1.371146,efficientdet_lite4_detection_metadata_2,0.4196,NA
664,332,518.96104,54.0,52.5,0.0,1.359223,0.0,1.361719,efficientdet_lite4_detection_metadata_2,0.4196,NA
665,332,520.333714,54.5,52.0,85.8,1.372674,0.0,1.361719,efficientdet_lite4_detection_metadata_2,0.4196,NA
666,333,520.336196,54.5,52.0,0.0,1.372674,0.0,1.375156,efficientdet_lite4_detection_metadata_2,0.4196,NA
667,333,521.686599,54.5,52.5,86.2,1.350403,0.0,1.375156,efficientdet_lite4_detection_metadata_2,0.4196,NA
668,334,521.6891499999999,54.5,52.5,0.0,1.350403,0.0,1.352954,efficientdet_lite4_detection_metadata_2,0.4196,NA
669,334,523.039913,54.5,52.5,86.2,1.350763,0.0,1.352954,efficientdet_lite4_detection_metadata_2,0.4196,NA
670,335,523.0424069999999,54.5,52.5,0.0,1.350763,0.0,1.353257,efficientdet_lite4_detection_metadata_2,0.4196,NA
671,335,524.399058,56.5,52.5,85.9,1.356651,0.0,1.353257,efficientdet_lite3_detection_metadata_1,0.4196,NA
672,336,524.4015329999999,56.5,52.5,0.0,1.356651,0.7920809311915346,1.359126,efficientdet_lite3_detection_metadata_1,0.41107999999999995,NA
673,336,525.0040709999998,54.5,53.0,82.8,0.602538,0.7920809311915346,1.359126,efficientdet_lite4_detection_metadata_2,0.41107999999999995,NA
674,337,525.8122049999998,53.5,51.5,3.1,0.602538,0.016228731191534562,1.410672,efficientdet_lite4_detection_metadata_2,0.41107999999999995,NA
675,337,527.1737679999999,54.0,52.5,85.9,1.361563,0.016228731191534562,1.410672,efficientdet_lite4_detection_metadata_2,0.41107999999999995,NA
676,338,527.1967039999998,54.0,52.5,22.2,1.361563,0.016228731191534562,1.384499,efficientdet_lite4_detection_metadata_2,0.41107999999999995,NA
677,338,528.5595919999998,54.0,53.0,85.3,1.362888,0.016228731191534562,1.384499,efficientdet_lite4_detection_metadata_2,0.41107999999999995,NA
678,339,528.5804029999998,54.0,53.0,12.5,1.362888,0.016228731191534562,1.383699,efficientdet_lite4_detection_metadata_2,0.41107999999999995,NA
679,339,529.9374539999998,54.5,53.0,86.0,1.357051,0.016228731191534562,1.383699,efficientdet_lite4_detection_metadata_2,0.41107999999999995,NA
680,340,529.9563219999998,54.0,53.0,12.5,1.357051,0.016228731191534562,1.375919,efficientdet_lite4_detection_metadata_2,0.41107999999999995,NA
681,340,531.3061509999998,54.0,53.0,86.3,1.349829,0.016228731191534562,1.375919,efficientdet_lite4_detection_metadata_2,0.41107999999999995,NA
682,341,531.3249999999998,54.0,53.0,0.0,1.349829,0.0,1.368678,efficientdet_lite4_detection_metadata_2,0.4196,NA
683,341,532.6794589999998,54.5,53.0,85.9,1.354459,0.0,1.368678,efficientdet_lite4_detection_metadata_2,0.4196,NA
684,342,532.6820009999998,54.5,53.0,0.0,1.354459,0.0,1.357001,efficientdet_lite4_detection_metadata_2,0.4196,NA
685,342,534.0450519999998,54.0,53.0,86.0,1.363051,0.0,1.357001,efficientdet_lite4_detection_metadata_2,0.4196,NA
686,343,534.0475979999998,54.0,53.0,0.0,1.363051,0.0,1.365597,efficientdet_lite4_detection_metadata_2,0.4196,NA
687,343,535.4039099999998,54.5,53.0,86.0,1.356312,0.0,1.365597,efficientdet_lite4_detection_metadata_2,0.4196,NA
688,344,535.4063729999998,54.5,53.0,0.0,1.356312,0.0,1.358775,efficientdet_lite4_detection_metadata_2,0.4196,NA
689,344,536.7633109999998,55.0,53.0,85.9,1.356938,0.0,1.358775,efficientdet_lite4_detection_metadata_2,0.4196,NA
690,345,536.7657829999998,55.0,53.0,0.0,1.356938,0.0,1.35941,efficientdet_lite4_detection_metadata_2,0.4196,NA
691,345,538.1229329999999,55.0,52.5,86.0,1.35715,0.0,1.35941,efficientdet_lite4_detection_metadata_2,0.4196,NA
692,346,538.1254899999998,55.0,52.5,100.0,1.35715,0.0,1.359707,efficientdet_lite4_detection_metadata_2,0.4196,NA
693,346,539.4825869999997,55.0,53.0,85.8,1.357097,0.0,1.359707,efficientdet_lite4_detection_metadata_2,0.4196,NA
694,347,539.4851309999998,55.0,53.0,100.0,1.357097,0.0,1.359641,efficientdet_lite4_detection_metadata_2,0.4196,NA
695,347,540.8366749999998,55.0,53.0,86.1,1.351544,0.0,1.359641,efficientdet_lite4_detection_metadata_2,0.4196,NA
696,348,540.8391509999998,55.0,53.0,0.0,1.351544,0.0,1.35402,efficientdet_lite4_detection_metadata_2,0.4196,NA
697,348,542.1962899999997,54.5,53.0,86.1,1.357139,0.0,1.35402,efficientdet_lite4_detection_metadata_2,0.4196,NA
698,349,542.1987429999998,54.5,53.0,0.0,1.357139,0.0,1.359592,efficientdet_lite4_detection_metadata_2,0.4196,NA
699,349,543.5533319999998,54.5,53.5,86.0,1.354589,0.0,1.359592,efficientdet_lite4_detection_metadata_2,0.4196,NA
700,350,543.5558919999999,54.5,53.5,0.0,1.354589,0.0,1.357149,efficientdet_lite4_detection_metadata_2,0.4196,NA
701,350,544.9189769999998,54.5,53.5,85.7,1.363085,0.0,1.357149,efficientdet_lite4_detection_metadata_2,0.4196,NA
702,351,544.9214409999998,54.5,53.5,0.0,1.363085,0.0,1.365549,efficientdet_lite4_detection_metadata_2,0.4196,NA
703,351,546.2765559999998,54.5,53.5,86.0,1.355115,0.0,1.365549,efficientdet_lite4_detection_metadata_2,0.4196,NA
704,352,546.2790999999999,54.5,53.5,0.0,1.355115,0.0,1.357659,efficientdet_lite4_detection_metadata_2,0.4196,NA
705,352,547.6312389999998,54.5,53.0,86.1,1.352139,0.0,1.357659,efficientdet_lite4_detection_metadata_2,0.4196,NA
706,353,547.6337739999999,54.5,53.0,0.0,1.352139,0.0,1.354674,efficientdet_lite4_detection_metadata_2,0.4196,NA
707,353,548.9901019999999,54.5,53.5,86.0,1.356328,0.0,1.354674,efficientdet_lite4_detection_metadata_2,0.4196,NA
708,354,548.9926449999999,54.5,53.5,50.0,1.356328,0.0,1.358871,efficientdet_lite4_detection_metadata_2,0.4196,NA
709,354,550.345389,55.0,53.5,86.2,1.352744,0.0,1.358871,efficientdet_lite4_detection_metadata_2,0.4196,NA
710,355,550.347945,55.0,53.5,0.0,1.352744,0.0,1.3553,efficientdet_lite4_detection_metadata_2,0.4196,NA
711,355,551.712086,55.0,53.5,86.1,1.364141,0.0,1.3553,efficientdet_lite4_detection_metadata_2,0.4196,NA
712,356,551.714646,55.0,53.5,0.0,1.364141,0.0,1.366701,efficientdet_lite4_detection_metadata_2,0.4196,NA
713,356,553.074458,55.5,53.0,86.0,1.359812,0.0,1.366701,efficientdet_lite3_detection_metadata_1,0.4196,NA
714,357,553.076939,55.5,53.0,0.0,1.359812,0.7920809311915346,1.362293,efficientdet_lite3_detection_metadata_1,0.41107999999999995,NA
715,357,553.664215,55.5,53.5,84.1,0.587276,0.7920809311915346,1.362293,efficientdet_lite2_detection_metadata_1,0.41107999999999995,NA
716,358,554.471636,53.5,52.0,3.4,0.587276,1.0846701087842163,1.394697,efficientdet_lite2_detection_metadata_1,0.39509999999999995,NA
717,358,554.812062,57.0,53.0,76.8,0.340426,1.0846701087842163,1.394697,efficientdet_lite1_detection_metadata_1,0.39509999999999995,NA
718,359,555.912789,53.0,51.5,3.2,0.340426,1.2451589194852377,1.441153,efficientdet_lite1_detection_metadata_1,0.37228,NA
719,359,556.143562,54.5,53.0,73.1,0.230773,1.2451589194852377,1.441153,efficientdet_lite2_detection_metadata_1,0.37228,NA
720,360,557.4017699999999,53.0,52.0,3.0,0.230773,1.167441072198031,1.488981,efficientdet_lite2_detection_metadata_1,0.35629999999999995,NA
721,360,557.7333209999999,54.5,53.0,78.2,0.331551,1.167441072198031,1.488981,efficientdet_lite3_detection_metadata_1,0.35629999999999995,NA
722,361,558.9171819999999,53.0,51.5,2.9,0.331551,0.9258335935001974,1.515412,efficientdet_lite3_detection_metadata_1,0.34778,NA
723,361,559.5099789999999,54.5,53.0,83.8,0.592797,0.9258335935001974,1.515412,efficientdet_lite4_detection_metadata_2,0.34778,NA
724,362,560.4507669999999,53.0,51.5,2.7,0.592797,0.13049687219803108,1.533585,efficientdet_lite4_detection_metadata_2,0.35629999999999995,NA
725,362,561.8141949999999,55.0,53.0,85.7,1.363428,0.13049687219803108,1.533585,efficientdet_lite4_detection_metadata_2,0.35629999999999995,NA
726,363,561.95354,54.0,52.0,3.6,1.363428,0.09526571948523799,1.502773,efficientdet_lite4_detection_metadata_2,0.37227999999999994,NA
727,363,563.321003,55.0,52.5,85.6,1.367463,0.09526571948523799,1.502773,efficientdet_lite4_detection_metadata_2,0.37227999999999994,NA
728,364,563.422505,54.0,52.0,4.9,1.367463,0.04772590878421634,1.468965,efficientdet_lite4_detection_metadata_2,0.39509999999999995,NA
729,364,564.779987,55.0,52.5,86.0,1.357482,0.04772590878421634,1.468965,efficientdet_lite4_detection_metadata_2,0.39509999999999995,NA
730,365,564.832393,54.0,53.0,9.1,1.357482,0.016228731191534562,1.409888,efficientdet_lite4_detection_metadata_2,0.41107999999999995,NA
731,365,566.207006,55.0,53.0,85.3,1.374613,0.016228731191534562,1.409888,efficientdet_lite4_detection_metadata_2,0.41107999999999995,NA
732,366,566.2268300000001,55.0,53.0,22.2,1.374613,0.0,1.394437,efficientdet_lite4_detection_metadata_2,0.4196,NA
733,366,567.581355,55.0,53.5,86.2,1.354525,0.0,1.394437,efficientdet_lite4_detection_metadata_2,0.4196,NA
734,367,567.5838960000001,55.0,53.5,50.0,1.354525,0.0,1.357066,efficientdet_lite4_detection_metadata_2,0.4196,NA
735,367,568.9356960000001,54.5,53.5,86.1,1.3518,0.0,1.357066,efficientdet_lite4_detection_metadata_2,0.4196,NA
736,368,568.9381830000001,54.5,53.5,0.0,1.3518,0.0,1.354287,efficientdet_lite4_detection_metadata_2,0.4196,NA
737,368,570.2989140000001,56.5,53.5,86.0,1.360731,0.0,1.354287,efficientdet_lite3_detection_metadata_1,0.4196,NA
738,369,570.3013930000001,56.5,53.5,0.0,1.360731,0.7920809311915346,1.36321,efficientdet_lite3_detection_metadata_1,0.41107999999999995,NA
739,369,570.9102290000001,57.0,53.5,81.7,0.608836,0.7920809311915346,1.36321,efficientdet_lite2_detection_metadata_1,0.41107999999999995,NA
740,370,571.7174150000001,54.0,52.0,4.0,0.608836,1.0846701087842163,1.416022,efficientdet_lite2_detection_metadata_1,0.39509999999999995,NA
741,370,572.0632250000001,55.0,54.0,76.6,0.34581,1.0846701087842163,1.416022,efficientdet_lite3_detection_metadata_1,0.39509999999999995,NA
742,371,573.1614860000001,53.5,51.5,3.2,0.34581,0.8409626434981733,1.444071,efficientdet_lite3_detection_metadata_1,0.38658000000000003,NA
743,371,573.7537880000001,55.0,53.5,83.3,0.592302,0.8409626434981733,1.444071,efficientdet_lite4_detection_metadata_2,0.38658000000000003,NA
744,372,574.609584,53.5,51.5,3.2,0.592302,0.0651104434981733,1.448098,efficientdet_lite4_detection_metadata_2,0.38658,NA
745,372,575.9642210000001,54.0,53.0,86.0,1.354637,0.0651104434981733,1.448098,efficientdet_lite4_detection_metadata_2,0.38658,NA
746,373,576.0348270000001,54.0,52.5,13.8,1.354637,0.0651104434981733,1.425243,efficientdet_lite4_detection_metadata_2,0.38658,NA
747,373,577.3976990000001,54.5,53.0,85.8,1.362872,0.0651104434981733,1.425243,efficientdet_lite4_detection_metadata_2,0.38658,NA
748,374,577.4677280000001,54.5,52.5,7.4,1.362872,0.04772590878421634,1.432901,efficientdet_lite4_detection_metadata_2,0.39509999999999995,NA
749,374,578.8320540000001,54.5,53.0,85.6,1.364326,0.04772590878421634,1.432901,efficientdet_lite4_detection_metadata_2,0.39509999999999995,NA
750,375,578.88457,54.5,53.0,9.1,1.364326,0.016228731191534562,1.416842,efficientdet_lite4_detection_metadata_2,0.41107999999999995,NA
751,375,580.247386,54.5,53.0,85.7,1.362816,0.016228731191534562,1.416842,efficientdet_lite4_detection_metadata_2,0.41107999999999995,NA
752,376,580.266117,54.5,53.0,14.3,1.362816,0.0,1.381547,efficientdet_lite4_detection_metadata_2,0.4196,NA
753,376,581.618963,55.0,53.0,86.1,1.352846,0.0,1.381547,efficientdet_lite4_detection_metadata_2,0.4196,NA
754,377,581.621496,55.0,53.0,50.0,1.352846,0.0,1.355379,efficientdet_lite4_detection_metadata_2,0.4196,NA
755,377,582.974162,54.5,53.0,86.2,1.352666,0.0,1.355379,efficientdet_lite4_detection_metadata_2,0.4196,NA
756,378,582.976693,54.5,53.0,0.0,1.352666,0.0,1.355197,efficientdet_lite4_detection_metadata_2,0.4196,NA
757,378,584.330574,54.5,53.5,86.2,1.353881,0.0,1.355197,efficientdet_lite4_detection_metadata_2,0.4196,NA
758,379,584.333074,54.5,53.5,0.0,1.353881,0.0,1.356381,efficientdet_lite4_detection_metadata_2,0.4196,NA
759,379,585.684599,55.0,53.5,86.1,1.351525,0.0,1.356381,efficientdet_lite4_detection_metadata_2,0.4196,NA
760,380,585.687177,54.5,53.5,50.0,1.351525,0.0,1.354103,efficientdet_lite4_detection_metadata_2,0.4196,NA
761,380,587.054488,55.0,53.5,85.6,1.367311,0.0,1.354103,efficientdet_lite4_detection_metadata_2,0.4196,NA
762,381,587.057039,55.0,53.5,0.0,1.367311,0.0,1.369862,efficientdet_lite4_detection_metadata_2,0.4196,NA
763,381,588.416228,55.0,54.0,86.0,1.359189,0.0,1.369862,efficientdet_lite4_detection_metadata_2,0.4196,NA
764,382,588.418722,55.0,54.0,0.0,1.359189,0.0,1.361683,efficientdet_lite4_detection_metadata_2,0.4196,NA
765,382,589.776353,55.0,53.5,85.8,1.357631,0.0,1.361683,efficientdet_lite4_detection_metadata_2,0.4196,NA
766,383,589.778838,55.0,53.5,0.0,1.357631,0.0,1.360116,efficientdet_lite4_detection_metadata_2,0.4196,NA
767,383,591.132252,54.5,53.5,86.2,1.353414,0.0,1.360116,efficientdet_lite4_detection_metadata_2,0.4196,NA
768,384,591.13473,54.5,53.5,0.0,1.353414,0.0,1.355892,efficientdet_lite4_detection_metadata_2,0.4196,NA
769,384,592.496178,57.0,53.5,85.8,1.361448,0.0,1.355892,efficientdet_lite3_detection_metadata_1,0.4196,NA
770,385,592.498725,57.0,53.5,50.0,1.361448,0.7920809311915346,1.363995,efficientdet_lite3_detection_metadata_1,0.41107999999999995,NA
771,385,593.0962870000001,57.5,54.0,82.9,0.597562,0.7920809311915346,1.363995,efficientdet_lite2_detection_metadata_1,0.41107999999999995,NA
772,386,593.902246,54.0,52.5,2.8,0.597562,1.0846701087842163,1.403521,efficientdet_lite2_detection_metadata_1,0.39509999999999995,NA
773,386,594.241266,55.5,54.0,76.5,0.33902,1.0846701087842163,1.403521,efficientdet_lite1_detection_metadata_1,0.39509999999999995,NA
774,387,595.341706,54.0,52.0,3.2,0.33902,1.2451589194852377,1.43946,efficientdet_lite1_detection_metadata_1,0.37228,NA
775,387,595.5690030000001,56.0,53.5,73.6,0.227297,1.2451589194852377,1.43946,efficientdet_lite0_detection_metadata_1,0.37228,NA
776,388,596.8300810000001,53.5,52.0,3.4,0.227297,1.4047397722666788,1.488375,efficientdet_lite0_detection_metadata_1,0.33974000000000004,NA
777,388,596.9612820000001,55.5,53.5,67.3,0.131201,1.4047397722666788,1.488375,efficientdet_lite0_detection_metadata_1,0.33974000000000004,NA
778,389,598.382591,53.5,51.5,3.9,0.131201,1.4860787021541013,1.55251,efficientdet_lite0_detection_metadata_1,0.30720000000000003,NA
779,389,598.513089,55.5,53.5,67.3,0.130498,1.4860787021541013,1.55251,efficientdet_lite0_detection_metadata_1,0.30720000000000003,NA
780,390,600.0155460000001,53.5,51.5,2.5,0.130498,1.5518529137557489,1.632955,efficientdet_lite0_detection_metadata_1,0.28318000000000004,NA
